,Date,Reach,Amount of Reach,Impressions,Amount of Impressions,Day,Day of the Week,Week,Month,Year
0,2020-09-30,Daily Organic Reach,753,Daily Organic impressions,1378,30,Wednesday,40,September,2020
1,2020-09-30,Daily Organic Reach,753,Daily Paid Impressions,0,30,Wednesday,40,September,2020
2,2020-09-30,Daily Paid Reach,0,Daily Organic impressions,1378,30,Wednesday,40,September,2020
3,2020-09-30,Daily Paid Reach,0,Daily Paid Impressions,0,30,Wednesday,40,September,2020
4,2020-10-01,Daily Organic Reach,329,Daily Organic impressions,436,1,Thursday,40,October,2020
5,2020-10-01,Daily Organic Reach,329,Daily Paid Impressions,0,1,Thursday,40,October,2020
6,2020-10-01,Daily Paid Reach,0,Daily Organic impressions,436,1,Thursday,40,October,2020
7,2020-10-01,Daily Paid Reach,0,Daily Paid Impressions,0,1,Thursday,40,October,2020
8,2020-10-02,Daily Organic Reach,596,Daily Organic impressions,971,2,Friday,40,October,2020
9,2020-10-02,Daily Organic Reach,596,Daily Paid Impressions,0,2,Friday,40,October,2020
10,2020-10-02,Daily Paid Reach,0,Daily Organic impressions,971,2,Friday,40,October,2020
11,2020-10-02,Daily Paid Reach,0,Daily Paid Impressions,0,2,Friday,40,October,2020
12,2020-10-03,Daily Organic Reach,513,Daily Organic impressions,848,3,Saturday,40,October,2020
13,2020-10-03,Daily Organic Reach,513,Daily Paid Impressions,0,3,Saturday,40,October,2020
14,2020-10-03,Daily Paid Reach,0,Daily Organic impressions,848,3,Saturday,40,October,2020
15,2020-10-03,Daily Paid Reach,0,Daily Paid Impressions,0,3,Saturday,40,October,2020
16,2020-10-04,Daily Organic Reach,232,Daily Organic impressions,320,4,Sunday,40,October,2020
17,2020-10-04,Daily Organic Reach,232,Daily Paid Impressions,0,4,Sunday,40,October,2020
18,2020-10-04,Daily Paid Reach,0,Daily Organic impressions,320,4,Sunday,40,October,2020
19,2020-10-04,Daily Paid Reach,0,Daily Paid Impressions,0,4,Sunday,40,October,2020
20,2020-10-05,Daily Organic Reach,327,Daily Organic impressions,442,5,Monday,41,October,2020
21,2020-10-05,Daily Organic Reach,327,Daily Paid Impressions,0,5,Monday,41,October,2020
22,2020-10-05,Daily Paid Reach,0,Daily Organic impressions,442,5,Monday,41,October,2020
23,2020-10-05,Daily Paid Reach,0,Daily Paid Impressions,0,5,Monday,41,October,2020
24,2020-10-06,Daily Organic Reach,161,Daily Organic impressions,313,6,Tuesday,41,October,2020
25,2020-10-06,Daily Organic Reach,161,Daily Paid Impressions,0,6,Tuesday,41,October,2020
26,2020-10-06,Daily Paid Reach,0,Daily Organic impressions,313,6,Tuesday,41,October,2020
27,2020-10-06,Daily Paid Reach,0,Daily Paid Impressions,0,6,Tuesday,41,October,2020
28,2020-10-07,Daily Organic Reach,303,Daily Organic impressions,437,7,Wednesday,41,October,2020
29,2020-10-07,Daily Organic Reach,303,Daily Paid Impressions,0,7,Wednesday,41,October,2020
30,2020-10-07,Daily Paid Reach,0,Daily Organic impressions,437,7,Wednesday,41,October,2020
31,2020-10-07,Daily Paid Reach,0,Daily Paid Impressions,0,7,Wednesday,41,October,2020
32,2020-10-08,Daily Organic Reach,1412,Daily Organic impressions,2181,8,Thursday,41,October,2020
33,2020-10-08,Daily Organic Reach,1412,Daily Paid Impressions,0,8,Thursday,41,October,2020
34,2020-10-08,Daily Paid Reach,0,Daily Organic impressions,2181,8,Thursday,41,October,2020
35,2020-10-08,Daily Paid Reach,0,Daily Paid Impressions,0,8,Thursday,41,October,2020
36,2020-10-09,Daily Organic Reach,529,Daily Organic impressions,758,9,Friday,41,October,2020
37,2020-10-09,Daily Organic Reach,529,Daily Paid Impressions,7923,9,Friday,41,October,2020
38,2020-10-09,Daily Paid Reach,7149,Daily Organic impressions,758,9,Friday,41,October,2020
39,2020-10-09,Daily Paid Reach,7149,Daily Paid Impressions,7923,9,Friday,41,October,2020
40,2020-10-10,Daily Organic Reach,308,Daily Organic impressions,428,10,Saturday,41,October,2020
41,2020-10-10,Daily Organic Reach,308,Daily Paid Impressions,12373,10,Saturday,41,October,2020
42,2020-10-10,Daily Paid Reach,11213,Daily Organic impressions,428,10,Saturday,41,October,2020
43,2020-10-10,Daily Paid Reach,11213,Daily Paid Impressions,12373,10,Saturday,41,October,2020
44,2020-10-11,Daily Organic Reach,220,Daily Organic impressions,355,11,Sunday,41,October,2020
45,2020-10-11,Daily Organic Reach,220,Daily Paid Impressions,14878,11,Sunday,41,October,2020
46,2020-10-11,Daily Paid Reach,13993,Daily Organic impressions,355,11,Sunday,41,October,2020
47,2020-10-11,Daily Paid Reach,13993,Daily Paid Impressions,14878,11,Sunday,41,October,2020
48,2020-10-12,Daily Organic Reach,356,Daily Organic impressions,631,12,Monday,42,October,2020
49,2020-10-12,Daily Organic Reach,356,Daily Paid Impressions,7061,12,Monday,42,October,2020
50,2020-10-12,Daily Paid Reach,6134,Daily Organic impressions,631,12,Monday,42,October,2020
51,2020-10-12,Daily Paid Reach,6134,Daily Paid Impressions,7061,12,Monday,42,October,2020
52,2020-10-13,Daily Organic Reach,317,Daily Organic impressions,502,13,Tuesday,42,October,2020
53,2020-10-13,Daily Organic Reach,317,Daily Paid Impressions,11416,13,Tuesday,42,October,2020
54,2020-10-13,Daily Paid Reach,9160,Daily Organic impressions,502,13,Tuesday,42,October,2020
55,2020-10-13,Daily Paid Reach,9160,Daily Paid Impressions,11416,13,Tuesday,42,October,2020
56,2020-10-14,Daily Organic Reach,293,Daily Organic impressions,439,14,Wednesday,42,October,2020
57,2020-10-14,Daily Organic Reach,293,Daily Paid Impressions,18957,14,Wednesday,42,October,2020
58,2020-10-14,Daily Paid Reach,15296,Daily Organic impressions,439,14,Wednesday,42,October,2020
59,2020-10-14,Daily Paid Reach,15296,Daily Paid Impressions,18957,14,Wednesday,42,October,2020
60,2020-10-15,Daily Organic Reach,273,Daily Organic impressions,425,15,Thursday,42,October,2020
61,2020-10-15,Daily Organic Reach,273,Daily Paid Impressions,27750,15,Thursday,42,October,2020
62,2020-10-15,Daily Paid Reach,26624,Daily Organic impressions,425,15,Thursday,42,October,2020
63,2020-10-15,Daily Paid Reach,26624,Daily Paid Impressions,27750,15,Thursday,42,October,2020
64,2020-10-16,Daily Organic Reach,253,Daily Organic impressions,427,16,Friday,42,October,2020
65,2020-10-16,Daily Organic Reach,253,Daily Paid Impressions,2809,16,Friday,42,October,2020
66,2020-10-16,Daily Paid Reach,2792,Daily Organic impressions,427,16,Friday,42,October,2020
67,2020-10-16,Daily Paid Reach,2792,Daily Paid Impressions,2809,16,Friday,42,October,2020
68,2020-10-17,Daily Organic Reach,116,Daily Organic impressions,163,17,Saturday,42,October,2020
69,2020-10-17,Daily Organic Reach,116,Daily Paid Impressions,0,17,Saturday,42,October,2020
70,2020-10-17,Daily Paid Reach,0,Daily Organic impressions,163,17,Saturday,42,October,2020
71,2020-10-17,Daily Paid Reach,0,Daily Paid Impressions,0,17,Saturday,42,October,2020
72,2020-10-18,Daily Organic Reach,195,Daily Organic impressions,404,18,Sunday,42,October,2020
73,2020-10-18,Daily Organic Reach,195,Daily Paid Impressions,0,18,Sunday,42,October,2020
74,2020-10-18,Daily Paid Reach,0,Daily Organic impressions,404,18,Sunday,42,October,2020
75,2020-10-18,Daily Paid Reach,0,Daily Paid Impressions,0,18,Sunday,42,October,2020
76,2020-10-19,Daily Organic Reach,260,Daily Organic impressions,379,19,Monday,43,October,2020
77,2020-10-19,Daily Organic Reach,260,Daily Paid Impressions,0,19,Monday,43,October,2020
78,2020-10-19,Daily Paid Reach,0,Daily Organic impressions,379,19,Monday,43,October,2020
79,2020-10-19,Daily Paid Reach,0,Daily Paid Impressions,0,19,Monday,43,October,2020
80,2020-10-20,Daily Organic Reach,130,Daily Organic impressions,289,20,Tuesday,43,October,2020
81,2020-10-20,Daily Organic Reach,130,Daily Paid Impressions,3148,20,Tuesday,43,October,2020
82,2020-10-20,Daily Paid Reach,2967,Daily Organic impressions,289,20,Tuesday,43,October,2020
83,2020-10-20,Daily Paid Reach,2967,Daily Paid Impressions,3148,20,Tuesday,43,October,2020
84,2020-10-21,Daily Organic Reach,286,Daily Organic impressions,1111,21,Wednesday,43,October,2020
85,2020-10-21,Daily Organic Reach,286,Daily Paid Impressions,6935,21,Wednesday,43,October,2020
86,2020-10-21,Daily Paid Reach,6353,Daily Organic impressions,1111,21,Wednesday,43,October,2020
87,2020-10-21,Daily Paid Reach,6353,Daily Paid Impressions,6935,21,Wednesday,43,October,2020
88,2020-10-22,Daily Organic Reach,287,Daily Organic impressions,556,22,Thursday,43,October,2020
89,2020-10-22,Daily Organic Reach,287,Daily Paid Impressions,5704,22,Thursday,43,October,2020
90,2020-10-22,Daily Paid Reach,4957,Daily Organic impressions,556,22,Thursday,43,October,2020
91,2020-10-22,Daily Paid Reach,4957,Daily Paid Impressions,5704,22,Thursday,43,October,2020
92,2020-10-23,Daily Organic Reach,257,Daily Organic impressions,474,23,Friday,43,October,2020
93,2020-10-23,Daily Organic Reach,257,Daily Paid Impressions,6625,23,Friday,43,October,2020
94,2020-10-23,Daily Paid Reach,5557,Daily Organic impressions,474,23,Friday,43,October,2020
95,2020-10-23,Daily Paid Reach,5557,Daily Paid Impressions,6625,23,Friday,43,October,2020
96,2020-10-24,Daily Organic Reach,132,Daily Organic impressions,437,24,Saturday,43,October,2020
97,2020-10-24,Daily Organic Reach,132,Daily Paid Impressions,7093,24,Saturday,43,October,2020
98,2020-10-24,Daily Paid Reach,5826,Daily Organic impressions,437,24,Saturday,43,October,2020
99,2020-10-24,Daily Paid Reach,5826,Daily Paid Impressions,7093,24,Saturday,43,October,2020
100,2020-10-25,Daily Organic Reach,272,Daily Organic impressions,466,25,Sunday,43,October,2020
101,2020-10-25,Daily Organic Reach,272,Daily Paid Impressions,7498,25,Sunday,43,October,2020
102,2020-10-25,Daily Paid Reach,5756,Daily Organic impressions,466,25,Sunday,43,October,2020
103,2020-10-25,Daily Paid Reach,5756,Daily Paid Impressions,7498,25,Sunday,43,October,2020
104,2020-10-26,Daily Organic Reach,313,Daily Organic impressions,669,26,Monday,44,October,2020
105,2020-10-26,Daily Organic Reach,313,Daily Paid Impressions,6908,26,Monday,44,October,2020
106,2020-10-26,Daily Paid Reach,5467,Daily Organic impressions,669,26,Monday,44,October,2020
107,2020-10-26,Daily Paid Reach,5467,Daily Paid Impressions,6908,26,Monday,44,October,2020
108,2020-10-27,Daily Organic Reach,474,Daily Organic impressions,799,27,Tuesday,44,October,2020
109,2020-10-27,Daily Organic Reach,474,Daily Paid Impressions,6314,27,Tuesday,44,October,2020
110,2020-10-27,Daily Paid Reach,5194,Daily Organic impressions,799,27,Tuesday,44,October,2020
111,2020-10-27,Daily Paid Reach,5194,Daily Paid Impressions,6314,27,Tuesday,44,October,2020
112,2020-10-28,Daily Organic Reach,383,Daily Organic impressions,998,28,Wednesday,44,October,2020
113,2020-10-28,Daily Organic Reach,383,Daily Paid Impressions,0,28,Wednesday,44,October,2020
114,2020-10-28,Daily Paid Reach,0,Daily Organic impressions,998,28,Wednesday,44,October,2020
115,2020-10-28,Daily Paid Reach,0,Daily Paid Impressions,0,28,Wednesday,44,October,2020
116,2020-10-29,Daily Organic Reach,224,Daily Organic impressions,561,29,Thursday,44,October,2020
117,2020-10-29,Daily Organic Reach,224,Daily Paid Impressions,1575,29,Thursday,44,October,2020
118,2020-10-29,Daily Paid Reach,1351,Daily Organic impressions,561,29,Thursday,44,October,2020
119,2020-10-29,Daily Paid Reach,1351,Daily Paid Impressions,1575,29,Thursday,44,October,2020
120,2020-10-30,Daily Organic Reach,1003,Daily Organic impressions,1747,30,Friday,44,October,2020
121,2020-10-30,Daily Organic Reach,1003,Daily Paid Impressions,2260,30,Friday,44,October,2020
122,2020-10-30,Daily Paid Reach,1725,Daily Organic impressions,1747,30,Friday,44,October,2020
123,2020-10-30,Daily Paid Reach,1725,Daily Paid Impressions,2260,30,Friday,44,October,2020
124,2020-10-31,Daily Organic Reach,757,Daily Organic impressions,1265,31,Saturday,44,October,2020
125,2020-10-31,Daily Organic Reach,757,Daily Paid Impressions,3589,31,Saturday,44,October,2020
126,2020-10-31,Daily Paid Reach,2700,Daily Organic impressions,1265,31,Saturday,44,October,2020
127,2020-10-31,Daily Paid Reach,2700,Daily Paid Impressions,3589,31,Saturday,44,October,2020
128,2020-11-01,Daily Organic Reach,645,Daily Organic impressions,1336,1,Sunday,44,November,2020
129,2020-11-01,Daily Organic Reach,645,Daily Paid Impressions,6033,1,Sunday,44,November,2020
130,2020-11-01,Daily Paid Reach,3678,Daily Organic impressions,1336,1,Sunday,44,November,2020
131,2020-11-01,Daily Paid Reach,3678,Daily Paid Impressions,6033,1,Sunday,44,November,2020
132,2020-11-02,Daily Organic Reach,617,Daily Organic impressions,1137,2,Monday,45,November,2020
133,2020-11-02,Daily Organic Reach,617,Daily Paid Impressions,4791,2,Monday,45,November,2020
134,2020-11-02,Daily Paid Reach,3521,Daily Organic impressions,1137,2,Monday,45,November,2020
135,2020-11-02,Daily Paid Reach,3521,Daily Paid Impressions,4791,2,Monday,45,November,2020
136,2020-11-03,Daily Organic Reach,356,Daily Organic impressions,854,3,Tuesday,45,November,2020
137,2020-11-03,Daily Organic Reach,356,Daily Paid Impressions,3074,3,Tuesday,45,November,2020
138,2020-11-03,Daily Paid Reach,2730,Daily Organic impressions,854,3,Tuesday,45,November,2020
139,2020-11-03,Daily Paid Reach,2730,Daily Paid Impressions,3074,3,Tuesday,45,November,2020
140,2020-11-04,Daily Organic Reach,428,Daily Organic impressions,803,4,Wednesday,45,November,2020
141,2020-11-04,Daily Organic Reach,428,Daily Paid Impressions,14011,4,Wednesday,45,November,2020
142,2020-11-04,Daily Paid Reach,11257,Daily Organic impressions,803,4,Wednesday,45,November,2020
143,2020-11-04,Daily Paid Reach,11257,Daily Paid Impressions,14011,4,Wednesday,45,November,2020
144,2020-11-05,Daily Organic Reach,308,Daily Organic impressions,696,5,Thursday,45,November,2020
145,2020-11-05,Daily Organic Reach,308,Daily Paid Impressions,2091,5,Thursday,45,November,2020
146,2020-11-05,Daily Paid Reach,1657,Daily Organic impressions,696,5,Thursday,45,November,2020
147,2020-11-05,Daily Paid Reach,1657,Daily Paid Impressions,2091,5,Thursday,45,November,2020
148,2020-11-06,Daily Organic Reach,355,Daily Organic impressions,742,6,Friday,45,November,2020
149,2020-11-06,Daily Organic Reach,355,Daily Paid Impressions,13941,6,Friday,45,November,2020
150,2020-11-06,Daily Paid Reach,11634,Daily Organic impressions,742,6,Friday,45,November,2020
151,2020-11-06,Daily Paid Reach,11634,Daily Paid Impressions,13941,6,Friday,45,November,2020
152,2020-11-07,Daily Organic Reach,322,Daily Organic impressions,859,7,Saturday,45,November,2020
153,2020-11-07,Daily Organic Reach,322,Daily Paid Impressions,10879,7,Saturday,45,November,2020
154,2020-11-07,Daily Paid Reach,9678,Daily Organic impressions,859,7,Saturday,45,November,2020
155,2020-11-07,Daily Paid Reach,9678,Daily Paid Impressions,10879,7,Saturday,45,November,2020
156,2020-11-08,Daily Organic Reach,435,Daily Organic impressions,1041,8,Sunday,45,November,2020
157,2020-11-08,Daily Organic Reach,435,Daily Paid Impressions,10961,8,Sunday,45,November,2020
158,2020-11-08,Daily Paid Reach,9884,Daily Organic impressions,1041,8,Sunday,45,November,2020
159,2020-11-08,Daily Paid Reach,9884,Daily Paid Impressions,10961,8,Sunday,45,November,2020
160,2020-11-09,Daily Organic Reach,969,Daily Organic impressions,1774,9,Monday,46,November,2020
161,2020-11-09,Daily Organic Reach,969,Daily Paid Impressions,9353,9,Monday,46,November,2020
162,2020-11-09,Daily Paid Reach,8256,Daily Organic impressions,1774,9,Monday,46,November,2020
163,2020-11-09,Daily Paid Reach,8256,Daily Paid Impressions,9353,9,Monday,46,November,2020
164,2020-11-10,Daily Organic Reach,890,Daily Organic impressions,1805,10,Tuesday,46,November,2020
165,2020-11-10,Daily Organic Reach,890,Daily Paid Impressions,9376,10,Tuesday,46,November,2020
166,2020-11-10,Daily Paid Reach,8269,Daily Organic impressions,1805,10,Tuesday,46,November,2020
167,2020-11-10,Daily Paid Reach,8269,Daily Paid Impressions,9376,10,Tuesday,46,November,2020
168,2020-11-11,Daily Organic Reach,798,Daily Organic impressions,2440,11,Wednesday,46,November,2020
169,2020-11-11,Daily Organic Reach,798,Daily Paid Impressions,9538,11,Wednesday,46,November,2020
170,2020-11-11,Daily Paid Reach,8369,Daily Organic impressions,2440,11,Wednesday,46,November,2020
171,2020-11-11,Daily Paid Reach,8369,Daily Paid Impressions,9538,11,Wednesday,46,November,2020
172,2020-11-12,Daily Organic Reach,588,Daily Organic impressions,1401,12,Thursday,46,November,2020
173,2020-11-12,Daily Organic Reach,588,Daily Paid Impressions,9669,12,Thursday,46,November,2020
174,2020-11-12,Daily Paid Reach,8713,Daily Organic impressions,1401,12,Thursday,46,November,2020
175,2020-11-12,Daily Paid Reach,8713,Daily Paid Impressions,9669,12,Thursday,46,November,2020
176,2020-11-13,Daily Organic Reach,660,Daily Organic impressions,1366,13,Friday,46,November,2020
177,2020-11-13,Daily Organic Reach,660,Daily Paid Impressions,9073,13,Friday,46,November,2020
178,2020-11-13,Daily Paid Reach,8329,Daily Organic impressions,1366,13,Friday,46,November,2020
179,2020-11-13,Daily Paid Reach,8329,Daily Paid Impressions,9073,13,Friday,46,November,2020
180,2020-11-14,Daily Organic Reach,444,Daily Organic impressions,1014,14,Saturday,46,November,2020
181,2020-11-14,Daily Organic Reach,444,Daily Paid Impressions,10118,14,Saturday,46,November,2020
182,2020-11-14,Daily Paid Reach,9540,Daily Organic impressions,1014,14,Saturday,46,November,2020
183,2020-11-14,Daily Paid Reach,9540,Daily Paid Impressions,10118,14,Saturday,46,November,2020
184,2020-11-15,Daily Organic Reach,650,Daily Organic impressions,1117,15,Sunday,46,November,2020
185,2020-11-15,Daily Organic Reach,650,Daily Paid Impressions,10273,15,Sunday,46,November,2020
186,2020-11-15,Daily Paid Reach,9408,Daily Organic impressions,1117,15,Sunday,46,November,2020
187,2020-11-15,Daily Paid Reach,9408,Daily Paid Impressions,10273,15,Sunday,46,November,2020
188,2020-11-16,Daily Organic Reach,429,Daily Organic impressions,1169,16,Monday,47,November,2020
189,2020-11-16,Daily Organic Reach,429,Daily Paid Impressions,10508,16,Monday,47,November,2020
190,2020-11-16,Daily Paid Reach,9616,Daily Organic impressions,1169,16,Monday,47,November,2020
191,2020-11-16,Daily Paid Reach,9616,Daily Paid Impressions,10508,16,Monday,47,November,2020
192,2020-11-17,Daily Organic Reach,374,Daily Organic impressions,1014,17,Tuesday,47,November,2020
193,2020-11-17,Daily Organic Reach,374,Daily Paid Impressions,8499,17,Tuesday,47,November,2020
194,2020-11-17,Daily Paid Reach,7551,Daily Organic impressions,1014,17,Tuesday,47,November,2020
195,2020-11-17,Daily Paid Reach,7551,Daily Paid Impressions,8499,17,Tuesday,47,November,2020
196,2020-11-18,Daily Organic Reach,928,Daily Organic impressions,1558,18,Wednesday,47,November,2020
197,2020-11-18,Daily Organic Reach,928,Daily Paid Impressions,9184,18,Wednesday,47,November,2020
198,2020-11-18,Daily Paid Reach,7987,Daily Organic impressions,1558,18,Wednesday,47,November,2020
199,2020-11-18,Daily Paid Reach,7987,Daily Paid Impressions,9184,18,Wednesday,47,November,2020
200,2020-11-19,Daily Organic Reach,878,Daily Organic impressions,1174,19,Thursday,47,November,2020
201,2020-11-19,Daily Organic Reach,878,Daily Paid Impressions,7939,19,Thursday,47,November,2020
202,2020-11-19,Daily Paid Reach,7169,Daily Organic impressions,1174,19,Thursday,47,November,2020
203,2020-11-19,Daily Paid Reach,7169,Daily Paid Impressions,7939,19,Thursday,47,November,2020
204,2020-11-20,Daily Organic Reach,455,Daily Organic impressions,715,20,Friday,47,November,2020
205,2020-11-20,Daily Organic Reach,455,Daily Paid Impressions,7652,20,Friday,47,November,2020
206,2020-11-20,Daily Paid Reach,6878,Daily Organic impressions,715,20,Friday,47,November,2020
207,2020-11-20,Daily Paid Reach,6878,Daily Paid Impressions,7652,20,Friday,47,November,2020
208,2020-11-21,Daily Organic Reach,642,Daily Organic impressions,869,21,Saturday,47,November,2020
209,2020-11-21,Daily Organic Reach,642,Daily Paid Impressions,7625,21,Saturday,47,November,2020
210,2020-11-21,Daily Paid Reach,6838,Daily Organic impressions,869,21,Saturday,47,November,2020
211,2020-11-21,Daily Paid Reach,6838,Daily Paid Impressions,7625,21,Saturday,47,November,2020
212,2020-11-22,Daily Organic Reach,424,Daily Organic impressions,693,22,Sunday,47,November,2020
213,2020-11-22,Daily Organic Reach,424,Daily Paid Impressions,12586,22,Sunday,47,November,2020
214,2020-11-22,Daily Paid Reach,12203,Daily Organic impressions,693,22,Sunday,47,November,2020
215,2020-11-22,Daily Paid Reach,12203,Daily Paid Impressions,12586,22,Sunday,47,November,2020
216,2020-11-23,Daily Organic Reach,567,Daily Organic impressions,790,23,Monday,48,November,2020
217,2020-11-23,Daily Organic Reach,567,Daily Paid Impressions,11303,23,Monday,48,November,2020
218,2020-11-23,Daily Paid Reach,10784,Daily Organic impressions,790,23,Monday,48,November,2020
219,2020-11-23,Daily Paid Reach,10784,Daily Paid Impressions,11303,23,Monday,48,November,2020
220,2020-11-24,Daily Organic Reach,393,Daily Organic impressions,591,24,Tuesday,48,November,2020
221,2020-11-24,Daily Organic Reach,393,Daily Paid Impressions,11759,24,Tuesday,48,November,2020
222,2020-11-24,Daily Paid Reach,11017,Daily Organic impressions,591,24,Tuesday,48,November,2020
223,2020-11-24,Daily Paid Reach,11017,Daily Paid Impressions,11759,24,Tuesday,48,November,2020
224,2020-11-25,Daily Organic Reach,440,Daily Organic impressions,624,25,Wednesday,48,November,2020
225,2020-11-25,Daily Organic Reach,440,Daily Paid Impressions,10913,25,Wednesday,48,November,2020
226,2020-11-25,Daily Paid Reach,10428,Daily Organic impressions,624,25,Wednesday,48,November,2020
227,2020-11-25,Daily Paid Reach,10428,Daily Paid Impressions,10913,25,Wednesday,48,November,2020
228,2020-11-26,Daily Organic Reach,503,Daily Organic impressions,722,26,Thursday,48,November,2020
229,2020-11-26,Daily Organic Reach,503,Daily Paid Impressions,10058,26,Thursday,48,November,2020
230,2020-11-26,Daily Paid Reach,9670,Daily Organic impressions,722,26,Thursday,48,November,2020
231,2020-11-26,Daily Paid Reach,9670,Daily Paid Impressions,10058,26,Thursday,48,November,2020
232,2020-11-27,Daily Organic Reach,336,Daily Organic impressions,530,27,Friday,48,November,2020
233,2020-11-27,Daily Organic Reach,336,Daily Paid Impressions,8853,27,Friday,48,November,2020
234,2020-11-27,Daily Paid Reach,8853,Daily Organic impressions,530,27,Friday,48,November,2020
235,2020-11-27,Daily Paid Reach,8853,Daily Paid Impressions,8853,27,Friday,48,November,2020
236,2020-11-28,Daily Organic Reach,153,Daily Organic impressions,228,28,Saturday,48,November,2020
237,2020-11-28,Daily Organic Reach,153,Daily Paid Impressions,8840,28,Saturday,48,November,2020
238,2020-11-28,Daily Paid Reach,8552,Daily Organic impressions,228,28,Saturday,48,November,2020
239,2020-11-28,Daily Paid Reach,8552,Daily Paid Impressions,8840,28,Saturday,48,November,2020
240,2020-11-29,Daily Organic Reach,426,Daily Organic impressions,795,29,Sunday,48,November,2020
241,2020-11-29,Daily Organic Reach,426,Daily Paid Impressions,10472,29,Sunday,48,November,2020
242,2020-11-29,Daily Paid Reach,9858,Daily Organic impressions,795,29,Sunday,48,November,2020
243,2020-11-29,Daily Paid Reach,9858,Daily Paid Impressions,10472,29,Sunday,48,November,2020
244,2020-11-30,Daily Organic Reach,480,Daily Organic impressions,760,30,Monday,49,November,2020
245,2020-11-30,Daily Organic Reach,480,Daily Paid Impressions,478,30,Monday,49,November,2020
246,2020-11-30,Daily Paid Reach,474,Daily Organic impressions,760,30,Monday,49,November,2020
247,2020-11-30,Daily Paid Reach,474,Daily Paid Impressions,478,30,Monday,49,November,2020
248,2020-12-01,Daily Organic Reach,348,Daily Organic impressions,619,1,Tuesday,49,December,2020
249,2020-12-01,Daily Organic Reach,348,Daily Paid Impressions,2761,1,Tuesday,49,December,2020
250,2020-12-01,Daily Paid Reach,1862,Daily Organic impressions,619,1,Tuesday,49,December,2020
251,2020-12-01,Daily Paid Reach,1862,Daily Paid Impressions,2761,1,Tuesday,49,December,2020
252,2020-12-02,Daily Organic Reach,415,Daily Organic impressions,807,2,Wednesday,49,December,2020
253,2020-12-02,Daily Organic Reach,415,Daily Paid Impressions,2922,2,Wednesday,49,December,2020
254,2020-12-02,Daily Paid Reach,2055,Daily Organic impressions,807,2,Wednesday,49,December,2020
255,2020-12-02,Daily Paid Reach,2055,Daily Paid Impressions,2922,2,Wednesday,49,December,2020
256,2020-12-03,Daily Organic Reach,320,Daily Organic impressions,562,3,Thursday,49,December,2020
257,2020-12-03,Daily Organic Reach,320,Daily Paid Impressions,2262,3,Thursday,49,December,2020
258,2020-12-03,Daily Paid Reach,1718,Daily Organic impressions,562,3,Thursday,49,December,2020
259,2020-12-03,Daily Paid Reach,1718,Daily Paid Impressions,2262,3,Thursday,49,December,2020
260,2020-12-04,Daily Organic Reach,212,Daily Organic impressions,287,4,Friday,49,December,2020
261,2020-12-04,Daily Organic Reach,212,Daily Paid Impressions,1993,4,Friday,49,December,2020
262,2020-12-04,Daily Paid Reach,1503,Daily Organic impressions,287,4,Friday,49,December,2020
263,2020-12-04,Daily Paid Reach,1503,Daily Paid Impressions,1993,4,Friday,49,December,2020
264,2020-12-05,Daily Organic Reach,223,Daily Organic impressions,432,5,Saturday,49,December,2020
265,2020-12-05,Daily Organic Reach,223,Daily Paid Impressions,1824,5,Saturday,49,December,2020
266,2020-12-05,Daily Paid Reach,1442,Daily Organic impressions,432,5,Saturday,49,December,2020
267,2020-12-05,Daily Paid Reach,1442,Daily Paid Impressions,1824,5,Saturday,49,December,2020
268,2020-12-06,Daily Organic Reach,256,Daily Organic impressions,409,6,Sunday,49,December,2020
269,2020-12-06,Daily Organic Reach,256,Daily Paid Impressions,1837,6,Sunday,49,December,2020
270,2020-12-06,Daily Paid Reach,1412,Daily Organic impressions,409,6,Sunday,49,December,2020
271,2020-12-06,Daily Paid Reach,1412,Daily Paid Impressions,1837,6,Sunday,49,December,2020
272,2020-12-07,Daily Organic Reach,328,Daily Organic impressions,607,7,Monday,50,December,2020
273,2020-12-07,Daily Organic Reach,328,Daily Paid Impressions,1820,7,Monday,50,December,2020
274,2020-12-07,Daily Paid Reach,1378,Daily Organic impressions,607,7,Monday,50,December,2020
275,2020-12-07,Daily Paid Reach,1378,Daily Paid Impressions,1820,7,Monday,50,December,2020
276,2020-12-08,Daily Organic Reach,782,Daily Organic impressions,1398,8,Tuesday,50,December,2020
277,2020-12-08,Daily Organic Reach,782,Daily Paid Impressions,1739,8,Tuesday,50,December,2020
278,2020-12-08,Daily Paid Reach,1326,Daily Organic impressions,1398,8,Tuesday,50,December,2020
279,2020-12-08,Daily Paid Reach,1326,Daily Paid Impressions,1739,8,Tuesday,50,December,2020
280,2020-12-09,Daily Organic Reach,428,Daily Organic impressions,599,9,Wednesday,50,December,2020
281,2020-12-09,Daily Organic Reach,428,Daily Paid Impressions,0,9,Wednesday,50,December,2020
282,2020-12-09,Daily Paid Reach,0,Daily Organic impressions,599,9,Wednesday,50,December,2020
283,2020-12-09,Daily Paid Reach,0,Daily Paid Impressions,0,9,Wednesday,50,December,2020
284,2020-12-10,Daily Organic Reach,469,Daily Organic impressions,855,10,Thursday,50,December,2020
285,2020-12-10,Daily Organic Reach,469,Daily Paid Impressions,0,10,Thursday,50,December,2020
286,2020-12-10,Daily Paid Reach,0,Daily Organic impressions,855,10,Thursday,50,December,2020
287,2020-12-10,Daily Paid Reach,0,Daily Paid Impressions,0,10,Thursday,50,December,2020
288,2020-12-11,Daily Organic Reach,328,Daily Organic impressions,463,11,Friday,50,December,2020
289,2020-12-11,Daily Organic Reach,328,Daily Paid Impressions,0,11,Friday,50,December,2020
290,2020-12-11,Daily Paid Reach,0,Daily Organic impressions,463,11,Friday,50,December,2020
291,2020-12-11,Daily Paid Reach,0,Daily Paid Impressions,0,11,Friday,50,December,2020
292,2020-12-12,Daily Organic Reach,143,Daily Organic impressions,233,12,Saturday,50,December,2020
293,2020-12-12,Daily Organic Reach,143,Daily Paid Impressions,0,12,Saturday,50,December,2020
294,2020-12-12,Daily Paid Reach,0,Daily Organic impressions,233,12,Saturday,50,December,2020
295,2020-12-12,Daily Paid Reach,0,Daily Paid Impressions,0,12,Saturday,50,December,2020
296,2020-12-13,Daily Organic Reach,80,Daily Organic impressions,121,13,Sunday,50,December,2020
297,2020-12-13,Daily Organic Reach,80,Daily Paid Impressions,0,13,Sunday,50,December,2020
298,2020-12-13,Daily Paid Reach,0,Daily Organic impressions,121,13,Sunday,50,December,2020
299,2020-12-13,Daily Paid Reach,0,Daily Paid Impressions,0,13,Sunday,50,December,2020
300,2020-12-14,Daily Organic Reach,258,Daily Organic impressions,350,14,Monday,51,December,2020
301,2020-12-14,Daily Organic Reach,258,Daily Paid Impressions,0,14,Monday,51,December,2020
302,2020-12-14,Daily Paid Reach,0,Daily Organic impressions,350,14,Monday,51,December,2020
303,2020-12-14,Daily Paid Reach,0,Daily Paid Impressions,0,14,Monday,51,December,2020
304,2020-12-15,Daily Organic Reach,287,Daily Organic impressions,333,15,Tuesday,51,December,2020
305,2020-12-15,Daily Organic Reach,287,Daily Paid Impressions,0,15,Tuesday,51,December,2020
306,2020-12-15,Daily Paid Reach,0,Daily Organic impressions,333,15,Tuesday,51,December,2020
307,2020-12-15,Daily Paid Reach,0,Daily Paid Impressions,0,15,Tuesday,51,December,2020
308,2020-12-16,Daily Organic Reach,65,Daily Organic impressions,181,16,Wednesday,51,December,2020
309,2020-12-16,Daily Organic Reach,65,Daily Paid Impressions,0,16,Wednesday,51,December,2020
310,2020-12-16,Daily Paid Reach,0,Daily Organic impressions,181,16,Wednesday,51,December,2020
311,2020-12-16,Daily Paid Reach,0,Daily Paid Impressions,0,16,Wednesday,51,December,2020
312,2020-12-17,Daily Organic Reach,39,Daily Organic impressions,93,17,Thursday,51,December,2020
313,2020-12-17,Daily Organic Reach,39,Daily Paid Impressions,0,17,Thursday,51,December,2020
314,2020-12-17,Daily Paid Reach,0,Daily Organic impressions,93,17,Thursday,51,December,2020
315,2020-12-17,Daily Paid Reach,0,Daily Paid Impressions,0,17,Thursday,51,December,2020
316,2020-12-18,Daily Organic Reach,225,Daily Organic impressions,317,18,Friday,51,December,2020
317,2020-12-18,Daily Organic Reach,225,Daily Paid Impressions,0,18,Friday,51,December,2020
318,2020-12-18,Daily Paid Reach,0,Daily Organic impressions,317,18,Friday,51,December,2020
319,2020-12-18,Daily Paid Reach,0,Daily Paid Impressions,0,18,Friday,51,December,2020
320,2020-12-19,Daily Organic Reach,70,Daily Organic impressions,117,19,Saturday,51,December,2020
321,2020-12-19,Daily Organic Reach,70,Daily Paid Impressions,0,19,Saturday,51,December,2020
322,2020-12-19,Daily Paid Reach,0,Daily Organic impressions,117,19,Saturday,51,December,2020
323,2020-12-19,Daily Paid Reach,0,Daily Paid Impressions,0,19,Saturday,51,December,2020
324,2020-12-20,Daily Organic Reach,30,Daily Organic impressions,82,20,Sunday,51,December,2020
325,2020-12-20,Daily Organic Reach,30,Daily Paid Impressions,0,20,Sunday,51,December,2020
326,2020-12-20,Daily Paid Reach,0,Daily Organic impressions,82,20,Sunday,51,December,2020
327,2020-12-20,Daily Paid Reach,0,Daily Paid Impressions,0,20,Sunday,51,December,2020
328,2020-12-21,Daily Organic Reach,312,Daily Organic impressions,325,21,Monday,52,December,2020
329,2020-12-21,Daily Organic Reach,312,Daily Paid Impressions,0,21,Monday,52,December,2020
330,2020-12-21,Daily Paid Reach,0,Daily Organic impressions,325,21,Monday,52,December,2020
331,2020-12-21,Daily Paid Reach,0,Daily Paid Impressions,0,21,Monday,52,December,2020
332,2020-12-22,Daily Organic Reach,57,Daily Organic impressions,63,22,Tuesday,52,December,2020
333,2020-12-22,Daily Organic Reach,57,Daily Paid Impressions,0,22,Tuesday,52,December,2020
334,2020-12-22,Daily Paid Reach,0,Daily Organic impressions,63,22,Tuesday,52,December,2020
335,2020-12-22,Daily Paid Reach,0,Daily Paid Impressions,0,22,Tuesday,52,December,2020
336,2020-12-23,Daily Organic Reach,39,Daily Organic impressions,56,23,Wednesday,52,December,2020
337,2020-12-23,Daily Organic Reach,39,Daily Paid Impressions,0,23,Wednesday,52,December,2020
338,2020-12-23,Daily Paid Reach,0,Daily Organic impressions,56,23,Wednesday,52,December,2020
339,2020-12-23,Daily Paid Reach,0,Daily Paid Impressions,0,23,Wednesday,52,December,2020
340,2020-12-24,Daily Organic Reach,26,Daily Organic impressions,49,24,Thursday,52,December,2020
341,2020-12-24,Daily Organic Reach,26,Daily Paid Impressions,0,24,Thursday,52,December,2020
342,2020-12-24,Daily Paid Reach,0,Daily Organic impressions,49,24,Thursday,52,December,2020
343,2020-12-24,Daily Paid Reach,0,Daily Paid Impressions,0,24,Thursday,52,December,2020
344,2020-12-25,Daily Organic Reach,229,Daily Organic impressions,251,25,Friday,52,December,2020
345,2020-12-25,Daily Organic Reach,229,Daily Paid Impressions,0,25,Friday,52,December,2020
346,2020-12-25,Daily Paid Reach,0,Daily Organic impressions,251,25,Friday,52,December,2020
347,2020-12-25,Daily Paid Reach,0,Daily Paid Impressions,0,25,Friday,52,December,2020
348,2020-12-26,Daily Organic Reach,68,Daily Organic impressions,99,26,Saturday,52,December,2020
349,2020-12-26,Daily Organic Reach,68,Daily Paid Impressions,0,26,Saturday,52,December,2020
350,2020-12-26,Daily Paid Reach,0,Daily Organic impressions,99,26,Saturday,52,December,2020
351,2020-12-26,Daily Paid Reach,0,Daily Paid Impressions,0,26,Saturday,52,December,2020
352,2020-12-27,Daily Organic Reach,52,Daily Organic impressions,110,27,Sunday,52,December,2020
353,2020-12-27,Daily Organic Reach,52,Daily Paid Impressions,0,27,Sunday,52,December,2020
354,2020-12-27,Daily Paid Reach,0,Daily Organic impressions,110,27,Sunday,52,December,2020
355,2020-12-27,Daily Paid Reach,0,Daily Paid Impressions,0,27,Sunday,52,December,2020
356,2020-12-28,Daily Organic Reach,26,Daily Organic impressions,28,28,Monday,53,December,2020
357,2020-12-28,Daily Organic Reach,26,Daily Paid Impressions,0,28,Monday,53,December,2020
358,2020-12-28,Daily Paid Reach,0,Daily Organic impressions,28,28,Monday,53,December,2020
359,2020-12-28,Daily Paid Reach,0,Daily Paid Impressions,0,28,Monday,53,December,2020
360,2020-12-29,Daily Organic Reach,58,Daily Organic impressions,91,29,Tuesday,53,December,2020
361,2020-12-29,Daily Organic Reach,58,Daily Paid Impressions,0,29,Tuesday,53,December,2020
362,2020-12-29,Daily Paid Reach,0,Daily Organic impressions,91,29,Tuesday,53,December,2020
363,2020-12-29,Daily Paid Reach,0,Daily Paid Impressions,0,29,Tuesday,53,December,2020
364,2020-12-30,Daily Organic Reach,24,Daily Organic impressions,32,30,Wednesday,53,December,2020
365,2020-12-30,Daily Organic Reach,24,Daily Paid Impressions,0,30,Wednesday,53,December,2020
366,2020-12-30,Daily Paid Reach,0,Daily Organic impressions,32,30,Wednesday,53,December,2020
367,2020-12-30,Daily Paid Reach,0,Daily Paid Impressions,0,30,Wednesday,53,December,2020
368,2020-12-31,Daily Organic Reach,18,Daily Organic impressions,23,31,Thursday,53,December,2020
369,2020-12-31,Daily Organic Reach,18,Daily Paid Impressions,0,31,Thursday,53,December,2020
370,2020-12-31,Daily Paid Reach,0,Daily Organic impressions,23,31,Thursday,53,December,2020
371,2020-12-31,Daily Paid Reach,0,Daily Paid Impressions,0,31,Thursday,53,December,2020
372,2021-01-01,Daily Organic Reach,26,Daily Organic impressions,29,1,Friday,53,January,2021
373,2021-01-01,Daily Organic Reach,26,Daily Paid Impressions,0,1,Friday,53,January,2021
374,2021-01-01,Daily Paid Reach,0,Daily Organic impressions,29,1,Friday,53,January,2021
375,2021-01-01,Daily Paid Reach,0,Daily Paid Impressions,0,1,Friday,53,January,2021
376,2021-01-02,Daily Organic Reach,29,Daily Organic impressions,44,2,Saturday,53,January,2021
377,2021-01-02,Daily Organic Reach,29,Daily Paid Impressions,0,2,Saturday,53,January,2021
378,2021-01-02,Daily Paid Reach,0,Daily Organic impressions,44,2,Saturday,53,January,2021
379,2021-01-02,Daily Paid Reach,0,Daily Paid Impressions,0,2,Saturday,53,January,2021
380,2021-01-03,Daily Organic Reach,315,Daily Organic impressions,517,3,Sunday,53,January,2021
381,2021-01-03,Daily Organic Reach,315,Daily Paid Impressions,0,3,Sunday,53,January,2021
382,2021-01-03,Daily Paid Reach,0,Daily Organic impressions,517,3,Sunday,53,January,2021
383,2021-01-03,Daily Paid Reach,0,Daily Paid Impressions,0,3,Sunday,53,January,2021
384,2021-01-04,Daily Organic Reach,93,Daily Organic impressions,164,4,Monday,1,January,2021
385,2021-01-04,Daily Organic Reach,93,Daily Paid Impressions,0,4,Monday,1,January,2021
386,2021-01-04,Daily Paid Reach,0,Daily Organic impressions,164,4,Monday,1,January,2021
387,2021-01-04,Daily Paid Reach,0,Daily Paid Impressions,0,4,Monday,1,January,2021
388,2021-01-05,Daily Organic Reach,210,Daily Organic impressions,229,5,Tuesday,1,January,2021
389,2021-01-05,Daily Organic Reach,210,Daily Paid Impressions,0,5,Tuesday,1,January,2021
390,2021-01-05,Daily Paid Reach,0,Daily Organic impressions,229,5,Tuesday,1,January,2021
391,2021-01-05,Daily Paid Reach,0,Daily Paid Impressions,0,5,Tuesday,1,January,2021
392,2021-01-06,Daily Organic Reach,68,Daily Organic impressions,201,6,Wednesday,1,January,2021
393,2021-01-06,Daily Organic Reach,68,Daily Paid Impressions,0,6,Wednesday,1,January,2021
394,2021-01-06,Daily Paid Reach,0,Daily Organic impressions,201,6,Wednesday,1,January,2021
395,2021-01-06,Daily Paid Reach,0,Daily Paid Impressions,0,6,Wednesday,1,January,2021
396,2021-01-07,Daily Organic Reach,36,Daily Organic impressions,50,7,Thursday,1,January,2021
397,2021-01-07,Daily Organic Reach,36,Daily Paid Impressions,0,7,Thursday,1,January,2021
398,2021-01-07,Daily Paid Reach,0,Daily Organic impressions,50,7,Thursday,1,January,2021
399,2021-01-07,Daily Paid Reach,0,Daily Paid Impressions,0,7,Thursday,1,January,2021
400,2021-01-08,Daily Organic Reach,343,Daily Organic impressions,380,8,Friday,1,January,2021
401,2021-01-08,Daily Organic Reach,343,Daily Paid Impressions,0,8,Friday,1,January,2021
402,2021-01-08,Daily Paid Reach,0,Daily Organic impressions,380,8,Friday,1,January,2021
403,2021-01-08,Daily Paid Reach,0,Daily Paid Impressions,0,8,Friday,1,January,2021
404,2021-01-09,Daily Organic Reach,84,Daily Organic impressions,93,9,Saturday,1,January,2021
405,2021-01-09,Daily Organic Reach,84,Daily Paid Impressions,0,9,Saturday,1,January,2021
406,2021-01-09,Daily Paid Reach,0,Daily Organic impressions,93,9,Saturday,1,January,2021
407,2021-01-09,Daily Paid Reach,0,Daily Paid Impressions,0,9,Saturday,1,January,2021
408,2021-01-10,Daily Organic Reach,54,Daily Organic impressions,93,10,Sunday,1,January,2021
409,2021-01-10,Daily Organic Reach,54,Daily Paid Impressions,0,10,Sunday,1,January,2021
410,2021-01-10,Daily Paid Reach,0,Daily Organic impressions,93,10,Sunday,1,January,2021
411,2021-01-10,Daily Paid Reach,0,Daily Paid Impressions,0,10,Sunday,1,January,2021
412,2021-01-11,Daily Organic Reach,91,Daily Organic impressions,162,11,Monday,2,January,2021
413,2021-01-11,Daily Organic Reach,91,Daily Paid Impressions,0,11,Monday,2,January,2021
414,2021-01-11,Daily Paid Reach,0,Daily Organic impressions,162,11,Monday,2,January,2021
415,2021-01-11,Daily Paid Reach,0,Daily Paid Impressions,0,11,Monday,2,January,2021
416,2021-01-12,Daily Organic Reach,99,Daily Organic impressions,182,12,Tuesday,2,January,2021
417,2021-01-12,Daily Organic Reach,99,Daily Paid Impressions,0,12,Tuesday,2,January,2021
418,2021-01-12,Daily Paid Reach,0,Daily Organic impressions,182,12,Tuesday,2,January,2021
419,2021-01-12,Daily Paid Reach,0,Daily Paid Impressions,0,12,Tuesday,2,January,2021
420,2021-01-13,Daily Organic Reach,557,Daily Organic impressions,965,13,Wednesday,2,January,2021
421,2021-01-13,Daily Organic Reach,557,Daily Paid Impressions,0,13,Wednesday,2,January,2021
422,2021-01-13,Daily Paid Reach,0,Daily Organic impressions,965,13,Wednesday,2,January,2021
423,2021-01-13,Daily Paid Reach,0,Daily Paid Impressions,0,13,Wednesday,2,January,2021
424,2021-01-14,Daily Organic Reach,217,Daily Organic impressions,419,14,Thursday,2,January,2021
425,2021-01-14,Daily Organic Reach,217,Daily Paid Impressions,0,14,Thursday,2,January,2021
426,2021-01-14,Daily Paid Reach,0,Daily Organic impressions,419,14,Thursday,2,January,2021
427,2021-01-14,Daily Paid Reach,0,Daily Paid Impressions,0,14,Thursday,2,January,2021
428,2021-01-15,Daily Organic Reach,341,Daily Organic impressions,403,15,Friday,2,January,2021
429,2021-01-15,Daily Organic Reach,341,Daily Paid Impressions,0,15,Friday,2,January,2021
430,2021-01-15,Daily Paid Reach,0,Daily Organic impressions,403,15,Friday,2,January,2021
431,2021-01-15,Daily Paid Reach,0,Daily Paid Impressions,0,15,Friday,2,January,2021
432,2021-01-16,Daily Organic Reach,118,Daily Organic impressions,185,16,Saturday,2,January,2021
433,2021-01-16,Daily Organic Reach,118,Daily Paid Impressions,0,16,Saturday,2,January,2021
434,2021-01-16,Daily Paid Reach,0,Daily Organic impressions,185,16,Saturday,2,January,2021
435,2021-01-16,Daily Paid Reach,0,Daily Paid Impressions,0,16,Saturday,2,January,2021
436,2021-01-17,Daily Organic Reach,80,Daily Organic impressions,94,17,Sunday,2,January,2021
437,2021-01-17,Daily Organic Reach,80,Daily Paid Impressions,0,17,Sunday,2,January,2021
438,2021-01-17,Daily Paid Reach,0,Daily Organic impressions,94,17,Sunday,2,January,2021
439,2021-01-17,Daily Paid Reach,0,Daily Paid Impressions,0,17,Sunday,2,January,2021
440,2021-01-18,Daily Organic Reach,317,Daily Organic impressions,434,18,Monday,3,January,2021
441,2021-01-18,Daily Organic Reach,317,Daily Paid Impressions,0,18,Monday,3,January,2021
442,2021-01-18,Daily Paid Reach,0,Daily Organic impressions,434,18,Monday,3,January,2021
443,2021-01-18,Daily Paid Reach,0,Daily Paid Impressions,0,18,Monday,3,January,2021
444,2021-01-19,Daily Organic Reach,308,Daily Organic impressions,331,19,Tuesday,3,January,2021
445,2021-01-19,Daily Organic Reach,308,Daily Paid Impressions,0,19,Tuesday,3,January,2021
446,2021-01-19,Daily Paid Reach,0,Daily Organic impressions,331,19,Tuesday,3,January,2021
447,2021-01-19,Daily Paid Reach,0,Daily Paid Impressions,0,19,Tuesday,3,January,2021
448,2021-01-20,Daily Organic Reach,252,Daily Organic impressions,332,20,Wednesday,3,January,2021
449,2021-01-20,Daily Organic Reach,252,Daily Paid Impressions,0,20,Wednesday,3,January,2021
450,2021-01-20,Daily Paid Reach,0,Daily Organic impressions,332,20,Wednesday,3,January,2021
451,2021-01-20,Daily Paid Reach,0,Daily Paid Impressions,0,20,Wednesday,3,January,2021
452,2021-01-21,Daily Organic Reach,122,Daily Organic impressions,232,21,Thursday,3,January,2021
453,2021-01-21,Daily Organic Reach,122,Daily Paid Impressions,0,21,Thursday,3,January,2021
454,2021-01-21,Daily Paid Reach,0,Daily Organic impressions,232,21,Thursday,3,January,2021
455,2021-01-21,Daily Paid Reach,0,Daily Paid Impressions,0,21,Thursday,3,January,2021
456,2021-01-22,Daily Organic Reach,434,Daily Organic impressions,522,22,Friday,3,January,2021
457,2021-01-22,Daily Organic Reach,434,Daily Paid Impressions,0,22,Friday,3,January,2021
458,2021-01-22,Daily Paid Reach,0,Daily Organic impressions,522,22,Friday,3,January,2021
459,2021-01-22,Daily Paid Reach,0,Daily Paid Impressions,0,22,Friday,3,January,2021
460,2021-01-23,Daily Organic Reach,113,Daily Organic impressions,155,23,Saturday,3,January,2021
461,2021-01-23,Daily Organic Reach,113,Daily Paid Impressions,0,23,Saturday,3,January,2021
462,2021-01-23,Daily Paid Reach,0,Daily Organic impressions,155,23,Saturday,3,January,2021
463,2021-01-23,Daily Paid Reach,0,Daily Paid Impressions,0,23,Saturday,3,January,2021
464,2021-01-24,Daily Organic Reach,67,Daily Organic impressions,105,24,Sunday,3,January,2021
465,2021-01-24,Daily Organic Reach,67,Daily Paid Impressions,0,24,Sunday,3,January,2021
466,2021-01-24,Daily Paid Reach,0,Daily Organic impressions,105,24,Sunday,3,January,2021
467,2021-01-24,Daily Paid Reach,0,Daily Paid Impressions,0,24,Sunday,3,January,2021
468,2021-01-25,Daily Organic Reach,490,Daily Organic impressions,650,25,Monday,4,January,2021
469,2021-01-25,Daily Organic Reach,490,Daily Paid Impressions,0,25,Monday,4,January,2021
470,2021-01-25,Daily Paid Reach,0,Daily Organic impressions,650,25,Monday,4,January,2021
471,2021-01-25,Daily Paid Reach,0,Daily Paid Impressions,0,25,Monday,4,January,2021
472,2021-01-26,Daily Organic Reach,571,Daily Organic impressions,843,26,Tuesday,4,January,2021
473,2021-01-26,Daily Organic Reach,571,Daily Paid Impressions,0,26,Tuesday,4,January,2021
474,2021-01-26,Daily Paid Reach,0,Daily Organic impressions,843,26,Tuesday,4,January,2021
475,2021-01-26,Daily Paid Reach,0,Daily Paid Impressions,0,26,Tuesday,4,January,2021
476,2021-01-27,Daily Organic Reach,440,Daily Organic impressions,569,27,Wednesday,4,January,2021
477,2021-01-27,Daily Organic Reach,440,Daily Paid Impressions,0,27,Wednesday,4,January,2021
478,2021-01-27,Daily Paid Reach,0,Daily Organic impressions,569,27,Wednesday,4,January,2021
479,2021-01-27,Daily Paid Reach,0,Daily Paid Impressions,0,27,Wednesday,4,January,2021
480,2021-01-28,Daily Organic Reach,385,Daily Organic impressions,502,28,Thursday,4,January,2021
481,2021-01-28,Daily Organic Reach,385,Daily Paid Impressions,0,28,Thursday,4,January,2021
482,2021-01-28,Daily Paid Reach,0,Daily Organic impressions,502,28,Thursday,4,January,2021
483,2021-01-28,Daily Paid Reach,0,Daily Paid Impressions,0,28,Thursday,4,January,2021
484,2021-01-29,Daily Organic Reach,72,Daily Organic impressions,87,29,Friday,4,January,2021
485,2021-01-29,Daily Organic Reach,72,Daily Paid Impressions,0,29,Friday,4,January,2021
486,2021-01-29,Daily Paid Reach,0,Daily Organic impressions,87,29,Friday,4,January,2021
487,2021-01-29,Daily Paid Reach,0,Daily Paid Impressions,0,29,Friday,4,January,2021
488,2021-01-30,Daily Organic Reach,73,Daily Organic impressions,104,30,Saturday,4,January,2021
489,2021-01-30,Daily Organic Reach,73,Daily Paid Impressions,0,30,Saturday,4,January,2021
490,2021-01-30,Daily Paid Reach,0,Daily Organic impressions,104,30,Saturday,4,January,2021
491,2021-01-30,Daily Paid Reach,0,Daily Paid Impressions,0,30,Saturday,4,January,2021
492,2021-01-31,Daily Organic Reach,39,Daily Organic impressions,71,31,Sunday,4,January,2021
493,2021-01-31,Daily Organic Reach,39,Daily Paid Impressions,0,31,Sunday,4,January,2021
494,2021-01-31,Daily Paid Reach,0,Daily Organic impressions,71,31,Sunday,4,January,2021
495,2021-01-31,Daily Paid Reach,0,Daily Paid Impressions,0,31,Sunday,4,January,2021
496,2021-02-01,Daily Organic Reach,349,Daily Organic impressions,387,1,Monday,5,February,2021
497,2021-02-01,Daily Organic Reach,349,Daily Paid Impressions,0,1,Monday,5,February,2021
498,2021-02-01,Daily Paid Reach,0,Daily Organic impressions,387,1,Monday,5,February,2021
499,2021-02-01,Daily Paid Reach,0,Daily Paid Impressions,0,1,Monday,5,February,2021
500,2021-02-02,Daily Organic Reach,80,Daily Organic impressions,114,2,Tuesday,5,February,2021
501,2021-02-02,Daily Organic Reach,80,Daily Paid Impressions,0,2,Tuesday,5,February,2021
502,2021-02-02,Daily Paid Reach,0,Daily Organic impressions,114,2,Tuesday,5,February,2021
503,2021-02-02,Daily Paid Reach,0,Daily Paid Impressions,0,2,Tuesday,5,February,2021
504,2021-02-03,Daily Organic Reach,148,Daily Organic impressions,244,3,Wednesday,5,February,2021
505,2021-02-03,Daily Organic Reach,148,Daily Paid Impressions,0,3,Wednesday,5,February,2021
506,2021-02-03,Daily Paid Reach,0,Daily Organic impressions,244,3,Wednesday,5,February,2021
507,2021-02-03,Daily Paid Reach,0,Daily Paid Impressions,0,3,Wednesday,5,February,2021
508,2021-02-04,Daily Organic Reach,46,Daily Organic impressions,51,4,Thursday,5,February,2021
509,2021-02-04,Daily Organic Reach,46,Daily Paid Impressions,0,4,Thursday,5,February,2021
510,2021-02-04,Daily Paid Reach,0,Daily Organic impressions,51,4,Thursday,5,February,2021
511,2021-02-04,Daily Paid Reach,0,Daily Paid Impressions,0,4,Thursday,5,February,2021
512,2021-02-05,Daily Organic Reach,21,Daily Organic impressions,27,5,Friday,5,February,2021
513,2021-02-05,Daily Organic Reach,21,Daily Paid Impressions,0,5,Friday,5,February,2021
514,2021-02-05,Daily Paid Reach,0,Daily Organic impressions,27,5,Friday,5,February,2021
515,2021-02-05,Daily Paid Reach,0,Daily Paid Impressions,0,5,Friday,5,February,2021
516,2021-02-06,Daily Organic Reach,24,Daily Organic impressions,177,6,Saturday,5,February,2021
517,2021-02-06,Daily Organic Reach,24,Daily Paid Impressions,0,6,Saturday,5,February,2021
518,2021-02-06,Daily Paid Reach,0,Daily Organic impressions,177,6,Saturday,5,February,2021
519,2021-02-06,Daily Paid Reach,0,Daily Paid Impressions,0,6,Saturday,5,February,2021
520,2021-02-07,Daily Organic Reach,16,Daily Organic impressions,39,7,Sunday,5,February,2021
521,2021-02-07,Daily Organic Reach,16,Daily Paid Impressions,0,7,Sunday,5,February,2021
522,2021-02-07,Daily Paid Reach,0,Daily Organic impressions,39,7,Sunday,5,February,2021
523,2021-02-07,Daily Paid Reach,0,Daily Paid Impressions,0,7,Sunday,5,February,2021
524,2021-02-08,Daily Organic Reach,18,Daily Organic impressions,37,8,Monday,6,February,2021
525,2021-02-08,Daily Organic Reach,18,Daily Paid Impressions,0,8,Monday,6,February,2021
526,2021-02-08,Daily Paid Reach,0,Daily Organic impressions,37,8,Monday,6,February,2021
527,2021-02-08,Daily Paid Reach,0,Daily Paid Impressions,0,8,Monday,6,February,2021
528,2021-02-09,Daily Organic Reach,327,Daily Organic impressions,409,9,Tuesday,6,February,2021
529,2021-02-09,Daily Organic Reach,327,Daily Paid Impressions,0,9,Tuesday,6,February,2021
530,2021-02-09,Daily Paid Reach,0,Daily Organic impressions,409,9,Tuesday,6,February,2021
531,2021-02-09,Daily Paid Reach,0,Daily Paid Impressions,0,9,Tuesday,6,February,2021
532,2021-02-10,Daily Organic Reach,62,Daily Organic impressions,74,10,Wednesday,6,February,2021
533,2021-02-10,Daily Organic Reach,62,Daily Paid Impressions,0,10,Wednesday,6,February,2021
534,2021-02-10,Daily Paid Reach,0,Daily Organic impressions,74,10,Wednesday,6,February,2021
535,2021-02-10,Daily Paid Reach,0,Daily Paid Impressions,0,10,Wednesday,6,February,2021
536,2021-02-11,Daily Organic Reach,397,Daily Organic impressions,431,11,Thursday,6,February,2021
537,2021-02-11,Daily Organic Reach,397,Daily Paid Impressions,0,11,Thursday,6,February,2021
538,2021-02-11,Daily Paid Reach,0,Daily Organic impressions,431,11,Thursday,6,February,2021
539,2021-02-11,Daily Paid Reach,0,Daily Paid Impressions,0,11,Thursday,6,February,2021
540,2021-02-12,Daily Organic Reach,407,Daily Organic impressions,459,12,Friday,6,February,2021
541,2021-02-12,Daily Organic Reach,407,Daily Paid Impressions,0,12,Friday,6,February,2021
542,2021-02-12,Daily Paid Reach,0,Daily Organic impressions,459,12,Friday,6,February,2021
543,2021-02-12,Daily Paid Reach,0,Daily Paid Impressions,0,12,Friday,6,February,2021
544,2021-02-13,Daily Organic Reach,108,Daily Organic impressions,123,13,Saturday,6,February,2021
545,2021-02-13,Daily Organic Reach,108,Daily Paid Impressions,0,13,Saturday,6,February,2021
546,2021-02-13,Daily Paid Reach,0,Daily Organic impressions,123,13,Saturday,6,February,2021
547,2021-02-13,Daily Paid Reach,0,Daily Paid Impressions,0,13,Saturday,6,February,2021
548,2021-02-14,Daily Organic Reach,46,Daily Organic impressions,68,14,Sunday,6,February,2021
549,2021-02-14,Daily Organic Reach,46,Daily Paid Impressions,0,14,Sunday,6,February,2021
550,2021-02-14,Daily Paid Reach,0,Daily Organic impressions,68,14,Sunday,6,February,2021
551,2021-02-14,Daily Paid Reach,0,Daily Paid Impressions,0,14,Sunday,6,February,2021
552,2021-02-15,Daily Organic Reach,40,Daily Organic impressions,93,15,Monday,7,February,2021
553,2021-02-15,Daily Organic Reach,40,Daily Paid Impressions,0,15,Monday,7,February,2021
554,2021-02-15,Daily Paid Reach,0,Daily Organic impressions,93,15,Monday,7,February,2021
555,2021-02-15,Daily Paid Reach,0,Daily Paid Impressions,0,15,Monday,7,February,2021
556,2021-02-16,Daily Organic Reach,23,Daily Organic impressions,30,16,Tuesday,7,February,2021
557,2021-02-16,Daily Organic Reach,23,Daily Paid Impressions,0,16,Tuesday,7,February,2021
558,2021-02-16,Daily Paid Reach,0,Daily Organic impressions,30,16,Tuesday,7,February,2021
559,2021-02-16,Daily Paid Reach,0,Daily Paid Impressions,0,16,Tuesday,7,February,2021
560,2021-02-17,Daily Organic Reach,19,Daily Organic impressions,21,17,Wednesday,7,February,2021
561,2021-02-17,Daily Organic Reach,19,Daily Paid Impressions,0,17,Wednesday,7,February,2021
562,2021-02-17,Daily Paid Reach,0,Daily Organic impressions,21,17,Wednesday,7,February,2021
563,2021-02-17,Daily Paid Reach,0,Daily Paid Impressions,0,17,Wednesday,7,February,2021
564,2021-02-18,Daily Organic Reach,29,Daily Organic impressions,32,18,Thursday,7,February,2021
565,2021-02-18,Daily Organic Reach,29,Daily Paid Impressions,0,18,Thursday,7,February,2021
566,2021-02-18,Daily Paid Reach,0,Daily Organic impressions,32,18,Thursday,7,February,2021
567,2021-02-18,Daily Paid Reach,0,Daily Paid Impressions,0,18,Thursday,7,February,2021
568,2021-02-19,Daily Organic Reach,299,Daily Organic impressions,328,19,Friday,7,February,2021
569,2021-02-19,Daily Organic Reach,299,Daily Paid Impressions,0,19,Friday,7,February,2021
570,2021-02-19,Daily Paid Reach,0,Daily Organic impressions,328,19,Friday,7,February,2021
571,2021-02-19,Daily Paid Reach,0,Daily Paid Impressions,0,19,Friday,7,February,2021
572,2021-02-20,Daily Organic Reach,55,Daily Organic impressions,59,20,Saturday,7,February,2021
573,2021-02-20,Daily Organic Reach,55,Daily Paid Impressions,0,20,Saturday,7,February,2021
574,2021-02-20,Daily Paid Reach,0,Daily Organic impressions,59,20,Saturday,7,February,2021
575,2021-02-20,Daily Paid Reach,0,Daily Paid Impressions,0,20,Saturday,7,February,2021
576,2021-02-21,Daily Organic Reach,34,Daily Organic impressions,48,21,Sunday,7,February,2021
577,2021-02-21,Daily Organic Reach,34,Daily Paid Impressions,0,21,Sunday,7,February,2021
578,2021-02-21,Daily Paid Reach,0,Daily Organic impressions,48,21,Sunday,7,February,2021
579,2021-02-21,Daily Paid Reach,0,Daily Paid Impressions,0,21,Sunday,7,February,2021
580,2021-02-22,Daily Organic Reach,604,Daily Organic impressions,726,22,Monday,8,February,2021
581,2021-02-22,Daily Organic Reach,604,Daily Paid Impressions,0,22,Monday,8,February,2021
582,2021-02-22,Daily Paid Reach,0,Daily Organic impressions,726,22,Monday,8,February,2021
583,2021-02-22,Daily Paid Reach,0,Daily Paid Impressions,0,22,Monday,8,February,2021
584,2021-02-23,Daily Organic Reach,340,Daily Organic impressions,362,23,Tuesday,8,February,2021
585,2021-02-23,Daily Organic Reach,340,Daily Paid Impressions,0,23,Tuesday,8,February,2021
586,2021-02-23,Daily Paid Reach,0,Daily Organic impressions,362,23,Tuesday,8,February,2021
587,2021-02-23,Daily Paid Reach,0,Daily Paid Impressions,0,23,Tuesday,8,February,2021
588,2021-02-24,Daily Organic Reach,134,Daily Organic impressions,180,24,Wednesday,8,February,2021
589,2021-02-24,Daily Organic Reach,134,Daily Paid Impressions,0,24,Wednesday,8,February,2021
590,2021-02-24,Daily Paid Reach,0,Daily Organic impressions,180,24,Wednesday,8,February,2021
591,2021-02-24,Daily Paid Reach,0,Daily Paid Impressions,0,24,Wednesday,8,February,2021
592,2021-02-25,Daily Organic Reach,70,Daily Organic impressions,81,25,Thursday,8,February,2021
593,2021-02-25,Daily Organic Reach,70,Daily Paid Impressions,0,25,Thursday,8,February,2021
594,2021-02-25,Daily Paid Reach,0,Daily Organic impressions,81,25,Thursday,8,February,2021
595,2021-02-25,Daily Paid Reach,0,Daily Paid Impressions,0,25,Thursday,8,February,2021
596,2021-02-26,Daily Organic Reach,68,Daily Organic impressions,112,26,Friday,8,February,2021
597,2021-02-26,Daily Organic Reach,68,Daily Paid Impressions,0,26,Friday,8,February,2021
598,2021-02-26,Daily Paid Reach,0,Daily Organic impressions,112,26,Friday,8,February,2021
599,2021-02-26,Daily Paid Reach,0,Daily Paid Impressions,0,26,Friday,8,February,2021
600,2021-02-27,Daily Organic Reach,32,Daily Organic impressions,56,27,Saturday,8,February,2021
601,2021-02-27,Daily Organic Reach,32,Daily Paid Impressions,0,27,Saturday,8,February,2021
602,2021-02-27,Daily Paid Reach,0,Daily Organic impressions,56,27,Saturday,8,February,2021
603,2021-02-27,Daily Paid Reach,0,Daily Paid Impressions,0,27,Saturday,8,February,2021
604,2021-02-28,Daily Organic Reach,15,Daily Organic impressions,28,28,Sunday,8,February,2021
605,2021-02-28,Daily Organic Reach,15,Daily Paid Impressions,0,28,Sunday,8,February,2021
606,2021-02-28,Daily Paid Reach,0,Daily Organic impressions,28,28,Sunday,8,February,2021
607,2021-02-28,Daily Paid Reach,0,Daily Paid Impressions,0,28,Sunday,8,February,2021
608,2021-03-01,Daily Organic Reach,250,Daily Organic impressions,300,1,Monday,9,March,2021
609,2021-03-01,Daily Organic Reach,250,Daily Paid Impressions,0,1,Monday,9,March,2021
610,2021-03-01,Daily Paid Reach,0,Daily Organic impressions,300,1,Monday,9,March,2021
611,2021-03-01,Daily Paid Reach,0,Daily Paid Impressions,0,1,Monday,9,March,2021
612,2021-03-02,Daily Organic Reach,385,Daily Organic impressions,550,2,Tuesday,9,March,2021
613,2021-03-02,Daily Organic Reach,385,Daily Paid Impressions,0,2,Tuesday,9,March,2021
614,2021-03-02,Daily Paid Reach,0,Daily Organic impressions,550,2,Tuesday,9,March,2021
615,2021-03-02,Daily Paid Reach,0,Daily Paid Impressions,0,2,Tuesday,9,March,2021
616,2021-03-03,Daily Organic Reach,369,Daily Organic impressions,504,3,Wednesday,9,March,2021
617,2021-03-03,Daily Organic Reach,369,Daily Paid Impressions,0,3,Wednesday,9,March,2021
618,2021-03-03,Daily Paid Reach,0,Daily Organic impressions,504,3,Wednesday,9,March,2021
619,2021-03-03,Daily Paid Reach,0,Daily Paid Impressions,0,3,Wednesday,9,March,2021
620,2021-03-04,Daily Organic Reach,239,Daily Organic impressions,292,4,Thursday,9,March,2021
621,2021-03-04,Daily Organic Reach,239,Daily Paid Impressions,0,4,Thursday,9,March,2021
622,2021-03-04,Daily Paid Reach,0,Daily Organic impressions,292,4,Thursday,9,March,2021
623,2021-03-04,Daily Paid Reach,0,Daily Paid Impressions,0,4,Thursday,9,March,2021
624,2021-03-05,Daily Organic Reach,242,Daily Organic impressions,290,5,Friday,9,March,2021
625,2021-03-05,Daily Organic Reach,242,Daily Paid Impressions,0,5,Friday,9,March,2021
626,2021-03-05,Daily Paid Reach,0,Daily Organic impressions,290,5,Friday,9,March,2021
627,2021-03-05,Daily Paid Reach,0,Daily Paid Impressions,0,5,Friday,9,March,2021
628,2021-03-06,Daily Organic Reach,51,Daily Organic impressions,69,6,Saturday,9,March,2021
629,2021-03-06,Daily Organic Reach,51,Daily Paid Impressions,0,6,Saturday,9,March,2021
630,2021-03-06,Daily Paid Reach,0,Daily Organic impressions,69,6,Saturday,9,March,2021
631,2021-03-06,Daily Paid Reach,0,Daily Paid Impressions,0,6,Saturday,9,March,2021
632,2021-03-07,Daily Organic Reach,36,Daily Organic impressions,47,7,Sunday,9,March,2021
633,2021-03-07,Daily Organic Reach,36,Daily Paid Impressions,0,7,Sunday,9,March,2021
634,2021-03-07,Daily Paid Reach,0,Daily Organic impressions,47,7,Sunday,9,March,2021
635,2021-03-07,Daily Paid Reach,0,Daily Paid Impressions,0,7,Sunday,9,March,2021
636,2021-03-08,Daily Organic Reach,26,Daily Organic impressions,93,8,Monday,10,March,2021
637,2021-03-08,Daily Organic Reach,26,Daily Paid Impressions,0,8,Monday,10,March,2021
638,2021-03-08,Daily Paid Reach,0,Daily Organic impressions,93,8,Monday,10,March,2021
639,2021-03-08,Daily Paid Reach,0,Daily Paid Impressions,0,8,Monday,10,March,2021
640,2021-03-09,Daily Organic Reach,26,Daily Organic impressions,35,9,Tuesday,10,March,2021
641,2021-03-09,Daily Organic Reach,26,Daily Paid Impressions,0,9,Tuesday,10,March,2021
642,2021-03-09,Daily Paid Reach,0,Daily Organic impressions,35,9,Tuesday,10,March,2021
643,2021-03-09,Daily Paid Reach,0,Daily Paid Impressions,0,9,Tuesday,10,March,2021
644,2021-03-10,Daily Organic Reach,25,Daily Organic impressions,82,10,Wednesday,10,March,2021
645,2021-03-10,Daily Organic Reach,25,Daily Paid Impressions,0,10,Wednesday,10,March,2021
646,2021-03-10,Daily Paid Reach,0,Daily Organic impressions,82,10,Wednesday,10,March,2021
647,2021-03-10,Daily Paid Reach,0,Daily Paid Impressions,0,10,Wednesday,10,March,2021
648,2021-03-11,Daily Organic Reach,330,Daily Organic impressions,350,11,Thursday,10,March,2021
649,2021-03-11,Daily Organic Reach,330,Daily Paid Impressions,0,11,Thursday,10,March,2021
650,2021-03-11,Daily Paid Reach,0,Daily Organic impressions,350,11,Thursday,10,March,2021
651,2021-03-11,Daily Paid Reach,0,Daily Paid Impressions,0,11,Thursday,10,March,2021
652,2021-03-12,Daily Organic Reach,251,Daily Organic impressions,293,12,Friday,10,March,2021
653,2021-03-12,Daily Organic Reach,251,Daily Paid Impressions,0,12,Friday,10,March,2021
654,2021-03-12,Daily Paid Reach,0,Daily Organic impressions,293,12,Friday,10,March,2021
655,2021-03-12,Daily Paid Reach,0,Daily Paid Impressions,0,12,Friday,10,March,2021
656,2021-03-13,Daily Organic Reach,66,Daily Organic impressions,127,13,Saturday,10,March,2021
657,2021-03-13,Daily Organic Reach,66,Daily Paid Impressions,0,13,Saturday,10,March,2021
658,2021-03-13,Daily Paid Reach,0,Daily Organic impressions,127,13,Saturday,10,March,2021
659,2021-03-13,Daily Paid Reach,0,Daily Paid Impressions,0,13,Saturday,10,March,2021
660,2021-03-14,Daily Organic Reach,69,Daily Organic impressions,96,14,Sunday,10,March,2021
661,2021-03-14,Daily Organic Reach,69,Daily Paid Impressions,0,14,Sunday,10,March,2021
662,2021-03-14,Daily Paid Reach,0,Daily Organic impressions,96,14,Sunday,10,March,2021
663,2021-03-14,Daily Paid Reach,0,Daily Paid Impressions,0,14,Sunday,10,March,2021
664,2021-03-15,Daily Organic Reach,350,Daily Organic impressions,411,15,Monday,11,March,2021
665,2021-03-15,Daily Organic Reach,350,Daily Paid Impressions,2562,15,Monday,11,March,2021
666,2021-03-15,Daily Paid Reach,2470,Daily Organic impressions,411,15,Monday,11,March,2021
667,2021-03-15,Daily Paid Reach,2470,Daily Paid Impressions,2562,15,Monday,11,March,2021
668,2021-03-16,Daily Organic Reach,355,Daily Organic impressions,445,16,Tuesday,11,March,2021
669,2021-03-16,Daily Organic Reach,355,Daily Paid Impressions,5984,16,Tuesday,11,March,2021
670,2021-03-16,Daily Paid Reach,5345,Daily Organic impressions,445,16,Tuesday,11,March,2021
671,2021-03-16,Daily Paid Reach,5345,Daily Paid Impressions,5984,16,Tuesday,11,March,2021
672,2021-03-17,Daily Organic Reach,97,Daily Organic impressions,138,17,Wednesday,11,March,2021
673,2021-03-17,Daily Organic Reach,97,Daily Paid Impressions,6164,17,Wednesday,11,March,2021
674,2021-03-17,Daily Paid Reach,5855,Daily Organic impressions,138,17,Wednesday,11,March,2021
675,2021-03-17,Daily Paid Reach,5855,Daily Paid Impressions,6164,17,Wednesday,11,March,2021
676,2021-03-18,Daily Organic Reach,32,Daily Organic impressions,44,18,Thursday,11,March,2021
677,2021-03-18,Daily Organic Reach,32,Daily Paid Impressions,5901,18,Thursday,11,March,2021
678,2021-03-18,Daily Paid Reach,5828,Daily Organic impressions,44,18,Thursday,11,March,2021
679,2021-03-18,Daily Paid Reach,5828,Daily Paid Impressions,5901,18,Thursday,11,March,2021
680,2021-03-19,Daily Organic Reach,38,Daily Organic impressions,76,19,Friday,11,March,2021
681,2021-03-19,Daily Organic Reach,38,Daily Paid Impressions,3625,19,Friday,11,March,2021
682,2021-03-19,Daily Paid Reach,3504,Daily Organic impressions,76,19,Friday,11,March,2021
683,2021-03-19,Daily Paid Reach,3504,Daily Paid Impressions,3625,19,Friday,11,March,2021
684,2021-03-20,Daily Organic Reach,24,Daily Organic impressions,100,20,Saturday,11,March,2021
685,2021-03-20,Daily Organic Reach,24,Daily Paid Impressions,7042,20,Saturday,11,March,2021
686,2021-03-20,Daily Paid Reach,6624,Daily Organic impressions,100,20,Saturday,11,March,2021
687,2021-03-20,Daily Paid Reach,6624,Daily Paid Impressions,7042,20,Saturday,11,March,2021
688,2021-03-21,Daily Organic Reach,20,Daily Organic impressions,66,21,Sunday,11,March,2021
689,2021-03-21,Daily Organic Reach,20,Daily Paid Impressions,9779,21,Sunday,11,March,2021
690,2021-03-21,Daily Paid Reach,9785,Daily Organic impressions,66,21,Sunday,11,March,2021
691,2021-03-21,Daily Paid Reach,9785,Daily Paid Impressions,9779,21,Sunday,11,March,2021
692,2021-03-22,Daily Organic Reach,21,Daily Organic impressions,29,22,Monday,12,March,2021
693,2021-03-22,Daily Organic Reach,21,Daily Paid Impressions,8166,22,Monday,12,March,2021
694,2021-03-22,Daily Paid Reach,7636,Daily Organic impressions,29,22,Monday,12,March,2021
695,2021-03-22,Daily Paid Reach,7636,Daily Paid Impressions,8166,22,Monday,12,March,2021
696,2021-03-23,Daily Organic Reach,188,Daily Organic impressions,280,23,Tuesday,12,March,2021
697,2021-03-23,Daily Organic Reach,188,Daily Paid Impressions,8239,23,Tuesday,12,March,2021
698,2021-03-23,Daily Paid Reach,7673,Daily Organic impressions,280,23,Tuesday,12,March,2021
699,2021-03-23,Daily Paid Reach,7673,Daily Paid Impressions,8239,23,Tuesday,12,March,2021
700,2021-03-24,Daily Organic Reach,230,Daily Organic impressions,290,24,Wednesday,12,March,2021
701,2021-03-24,Daily Organic Reach,230,Daily Paid Impressions,7687,24,Wednesday,12,March,2021
702,2021-03-24,Daily Paid Reach,7413,Daily Organic impressions,290,24,Wednesday,12,March,2021
703,2021-03-24,Daily Paid Reach,7413,Daily Paid Impressions,7687,24,Wednesday,12,March,2021
704,2021-03-25,Daily Organic Reach,91,Daily Organic impressions,171,25,Thursday,12,March,2021
705,2021-03-25,Daily Organic Reach,91,Daily Paid Impressions,7113,25,Thursday,12,March,2021
706,2021-03-25,Daily Paid Reach,6744,Daily Organic impressions,171,25,Thursday,12,March,2021
707,2021-03-25,Daily Paid Reach,6744,Daily Paid Impressions,7113,25,Thursday,12,March,2021
708,2021-03-26,Daily Organic Reach,246,Daily Organic impressions,320,26,Friday,12,March,2021
709,2021-03-26,Daily Organic Reach,246,Daily Paid Impressions,3906,26,Friday,12,March,2021
710,2021-03-26,Daily Paid Reach,3578,Daily Organic impressions,320,26,Friday,12,March,2021
711,2021-03-26,Daily Paid Reach,3578,Daily Paid Impressions,3906,26,Friday,12,March,2021
712,2021-03-27,Daily Organic Reach,61,Daily Organic impressions,86,27,Saturday,12,March,2021
713,2021-03-27,Daily Organic Reach,61,Daily Paid Impressions,8381,27,Saturday,12,March,2021
714,2021-03-27,Daily Paid Reach,8145,Daily Organic impressions,86,27,Saturday,12,March,2021
715,2021-03-27,Daily Paid Reach,8145,Daily Paid Impressions,8381,27,Saturday,12,March,2021
716,2021-03-28,Daily Organic Reach,41,Daily Organic impressions,99,28,Sunday,12,March,2021
717,2021-03-28,Daily Organic Reach,41,Daily Paid Impressions,10385,28,Sunday,12,March,2021
718,2021-03-28,Daily Paid Reach,10221,Daily Organic impressions,99,28,Sunday,12,March,2021
719,2021-03-28,Daily Paid Reach,10221,Daily Paid Impressions,10385,28,Sunday,12,March,2021
