"Identifiant de la publication","Lien permanent","Message de publication",Type,Pays,Langues,Publié,"Ciblage d’audience","Lifetime Post Total Reach","Lifetime Post organic reach","Lifetime Post Paid Reach","Lifetime Post Total Impressions","Lifetime Post Organic Impressions","Lifetime Post Paid Impressions","Lifetime Engaged Users","Lifetime Matched Audience Targeting Consumers on Post","Lifetime Matched Audience Targeting Consumptions on Post","Lifetime Negative Feedback from Users","Lifetime Negative Feedback","Lifetime Post Impressions by people who have liked your Page","Lifetime Post reach by people who like your Page","Lifetime Post Paid Impressions by people who have liked your Page","Lifetime Paid reach of a post by people who like your Page","Lifetime People who have liked your Page and engaged with your post","Lifetime Organic views to 95%","Lifetime Organic views to 95%","Lifetime Paid views to 95%","Lifetime Paid views to 95%","Lifetime Organic Video Views","Lifetime Organic Video Views","Lifetime Paid Video Views","Lifetime Paid Video Views","Lifetime Average time video viewed","Lifetime Video length","Lifetime Talking About This (Post) by action type - like","Lifetime Talking About This (Post) by action type - share","Lifetime Talking About This (Post) by action type - comment","Lifetime Post Stories by action type - like","Lifetime Post Stories by action type - share","Lifetime Post Stories by action type - comment","Lifetime Post Audience Targeting Unique Consumptions by Type - photo view","Lifetime Post Audience Targeting Unique Consumptions by Type - other clicks","Lifetime Post Audience Targeting Unique Consumptions by Type - link clicks","Lifetime Post Audience Targeting Unique Consumptions by Type - video play","Lifetime Matched Audience Targeting Consumptions by Type - photo view","Lifetime Matched Audience Targeting Consumptions by Type - other clicks","Lifetime Matched Audience Targeting Consumptions by Type - link clicks","Lifetime Matched Audience Targeting Consumptions by Type - video play","Lifetime Negative Feedback from Users by Type - hide_clicks","Lifetime Negative Feedback from Users by Type - hide_all_clicks","Lifetime Negative Feedback by Type - hide_clicks","Lifetime Negative Feedback by Type - hide_all_clicks"
,,,,,,,,"Lifetime: The number of people who had your Page's post enter their screen. Posts include statuses, photos, links, videos and more. (Unique Users)","Lifetime: The number of people who had your Page's post enter their screen through unpaid distribution. (Unique Users)","Lifetime: The number of people who had your Page's post enter their screen through paid distribution such as an ad. (Unique Users)","Lifetime: The number of times your Page's post entered a person's screen. Posts include statuses, photos, links, videos and more. (Total Count)","Lifetime: The number of times your Page's posts entered a person's screen through unpaid distribution. (Total Count)","Lifetime: The number of times your Page's post entered a person's screen through paid distribution such as an ad. (Total Count)","Lifetime: The number of unique people who engaged in certain ways with your Page post, for example by commenting on, liking, sharing, or clicking upon particular elements of the post. (Unique Users)","Lifetime: The number of people who matched the audience targeting that clicked anywhere in your post on News Feed. (Unique Users)","Lifetime: The number of clicks anywhere in your post on News Feed from the user that matched the audience targeting on it. (Total Count)","Lifetime: The number of people who have given negative feedback to your post. (Unique Users)","Lifetime: The number of times people have given negative feedback to your post. (Total Count)","Lifetime: The number of impressions of your Page post to people who have liked your Page. (Total Count)","Lifetime: The number of people who saw your Page post because they've liked your Page (Unique Users)","Lifetime: The number of paid impressions of your Page post to people who have liked your Page. (Total Count)","Lifetime: The number of people who like your Page and who saw your Page post in an ad or sponsored story. (Unique Users)","Lifetime: The number of people who have liked your Page and clicked anywhere in your posts. (Unique Users)","Lifetime: Number of times your video was viewed to 95% of its length without any paid promotion. (Unique Users)","Lifetime: Number of times your video was viewed to 95% of its length without any paid promotion. (Total Count)","Lifetime: Number of times your video was viewed to 95% of its length after paid promotion. (Unique Users)","Lifetime: Number of times your video was viewed to 95% of its length after paid promotion. (Total Count)","Lifetime: Number of times your video was viewed for more than 3 seconds without any paid promotion. (Unique Users)","Lifetime: Number of times your video was viewed for more than 3 seconds without any paid promotion. (Total Count)","Lifetime: Number of times your video was viewed more than 3 seconds after paid promotion. (Unique Users)","Lifetime: Number of times your video was viewed more than 3 seconds after paid promotion. (Total Count)","Lifetime: Average time video viewed (Total Count)","Lifetime: Length of a video post (Total Count)","Lifetime: The number of unique people who created a story about your Page post by interacting with it. (Unique Users)",,,"Lifetime: The number of stories created about your Page post, by action type. (Total Count)",,,"Lifetime: The number of people who matched the audience targeting on the post that clicked anywhere in the post on News Feed, by type. (Unique Users)",,,,"Lifetime: The number of clicks anywhere in the post on News Feed from users that matched the audience targeting on the post, by type. (Total Count)",,,,"Lifetime: The number of times people have given negative feedback to your post, by type. (Total Count)",,"Lifetime: The number of people who have given negative feedback to your post, by type. (Unique Users)",
447103548968697_1378348392510870,https://www.facebook.com/refyld/posts/1378348392510870,"En ce 25 décembre, on vous souhaite de très Joyeuses Fêtes.🎄💫⁠
⁠
Nous sommes ravis que l'adhésion Refyld fasse partie de vos cadeaux de Noël pour certains.es d'entre vous et nous sommes très enthousiastes à l'idée d'entamer 2021 à vos côtés 🥰 ❤️ ⁠
⁠
#refyld #refyldisthenewrecycle #moinsmaismieux #consommationresponsable ⁠#laqualitepourtous⁠ ⁠
Magnifique photo de noël par @marion_cz ✨",Photo,,,"12/25/2020 02:45:49 AM"," ",350,350,0,378,378,0,7,1,1,0,0,297,276,0,0,7,0,0,0,0,0,0,0,0,0,0,6,,,6,,,1,,,,1,,,,,,,
447103548968697_1375454832800226,https://www.facebook.com/refyld/posts/1375454832800226,"Qu'est-ce qu'un ingrédient naturel ? Que veut dire &quot;d'origine naturelle&quot; ? Ou encore, qu'est-ce qu'un ingrédient biologique ? 👀🌿⁠ ⁠
⁠
Clairement, on peut vite se perdre quand on tente de comprendre l'univers de la cosmétique. On sait dit que nous ne devrions pas être les seuls dans ce cas là, (pas vrai?😅), alors on vous partage nos petites recherches à ce sujet.⁠
⁠
Depuis 2016, les catégories &quot;naturel&quot; et &quot;biologiques&quot; sont définies par une norme internationale et voilà ce qu'elle en dit :⁠
⁠
👉 Un ingrédient naturel : est issu de la nature, qu'il s'agisse de plantes, d'animaux, de levures ou de bactéries. Il peut être libéré naturellement ou obtenu par des procédés physiques (broyages, pressions...). L'eau et les minéraux sont aussi des ingrédients naturels.⁠
⁠
👉 Un ingrédient d'origine naturelle : est un ingrédient naturel transformé par des procédés chimiques (chimie verte ou pétrochimie) qui permettent de le combiner à une autre molécule naturelle ou à une molécule chimique.⁠
⁠
👉 Un ingrédient biologique : est un ingrédient naturel issu de l'agriculture biologique et conforme aux critères bio en vigueur dans le pays concerné. Il ne doit être combiné à aucun fragment pétrochimique. ⁠
⁠
Donc maintenant, dès que vous verrez ce type de mention sur un produit &quot;95% naturel&quot; ou &quot;95% d'ingrédients d'origine naturelle&quot;... Vous saurez à peu près ce que ça veut vraiment dire 👏 😊",Photo,,,"12/21/2020 02:19:21 AM"," ",470,470,0,491,491,0,14,6,6,1,1,347,329,0,0,10,0,0,0,0,0,0,0,0,0,0,8,2,,8,2,,,6,,,,6,,,1,,1,
447103548968697_1373209893024720,https://www.facebook.com/refyld/posts/1373209893024720,"Mais oui, enfin... La qualité à prix coûtant, qu'est-ce que ça veut dire ? Notre promesse ne serait-elle pas un peu biaisée ? Comment une entreprise qui se lance peut perdurer en travaillant à prix coûtant ? 👀⁠
⁠
On vous l'accorde, sur le papier, ça paraît complètement fou.🤔 Mais chez Refyld, nous sommes convaincus que le véritable changement se fera uniquement lorsque nous aurons tous.tes accès à une consommation responsable. Pour cela nous avons décidé de créer notre propre alternative. ⁠
⁠
Et cette alternative elle n'est pas née comme ça, d'un coup, sous la douche...💦 Non.⁠💡
⁠
Cela fait plus de 3 ans que nous nous sommes lancés dans l'entrepreneuriat, 3 ans que l'on teste, que l'on expérimente, que l'on apprend...Jusqu'à finir par trouver la bonne solution. Celle qui fonctionne parfaitement. Et cette solution, elle se nomme #Refyld.💛
⁠
D'ailleurs, nous sommes très bien entourés : un panel d'expertes et d'experts nous accompagne au quotidien (cc. @willa_off). 👀 📉 🔎

Alors pas d'inquiétude, le modèle Refyld, c'est du béton. Mais c'est surtout un modèle innovant, inclusif et juste. ✊
⁠
👉 Concrètement, lorsque l'on parle de prix coûtant, cela veut simplement dire que nous ne faisons pas de profit sur la vente de nos produits. C’est possible, grâce à notre modèle d’adhésion, car seuls les adhérents pourront avoir accès à notre site et à tous nos produits à prix coûtant. ⁠⁠
⁠
Pour pouvoir vous offrir des prix imbattables, nous contournons simplement les nombreux intermédiaires de la chaîne de distribution pour passer en direct des fabricants tout en assurant la qualité de nos produits au meilleur prix.⁠🌿
⁠
Tout est calculé pour que tout fonctionne parfaitement, des coûts engendrés de la fabrication à la livraison du produit, tout est pris en compte pour que tout le monde soit bien rémunéré et que vous puissiez avoir accès à des produits de qualité. ⁠

Refyld c'est un projet fou, oui, mais bien RÉEL...Surtout depuis vos nombreux soutiens sur Ulule.🤩 Et ce n'est que le début !",Photo,,,"12/18/2020 02:07:08 AM"," ",338,338,0,349,349,0,6,1,1,1,1,259,245,0,0,5,0,0,0,0,0,0,0,0,0,0,6,1,,6,1,,,1,,,,1,,,1,,1,
447103548968697_1370922836586759,https://www.facebook.com/refyld/posts/1370922836586759,"Avec des produits naturels, sains, fabriqués en France, à prix bas qui respectent l’humain et la Planète, il n’y a plus aucune raison que la consommation responsable ne soit pas accessible au plus grand nombre.⁠
⁠
👉 Notre objectif : libérer l'accès à la qualité. ⁠
⁠
Les produits naturels sont chers. C’est un fait. Ils sont bons pour notre santé, la planète, mais ils ne sont malheureusement accessibles qu’à une toute petite partie de la population. Et chez #Refyld, nous sommes convaincus d’une chose : 👉 la société pourra changer uniquement lorsque nous aurons TOUTES et TOUS accès à une consommation responsable. ⁠
⁠
Nous savons que nous ne battrons pas les grandes enseignes de supermarchés sur la guerre des prix. Mais nous les battrons sur notre rapport qualité/prix. ⁠
⁠
Parce que la réalité derrière les prix bas des supermarchés, c’est qu’il n'y a ni respect du producteurs, ni de la planète, ni de notre santé. ⁠
⁠
Nous voulons alors faire notre possible pour créer une alternative, bonne pour soi, comme pour la planète et pour le porte-monnaie. ⁠
⁠
Grâce à vos soutiens, Refyld verra le jour : et à l'avenir plus nous serons nombreux.ses, plus nous pourrons proposer des prix encore plus attractifs et une plus grande offre.⁠
⁠
Alors, même si notre campagne est terminée, continuez à faire passer le mot et on s’occupe du reste ! 💪 💛 🌍",Photo,,,"12/15/2020 12:41:22 AM"," ",385,385,0,411,411,0,12,5,5,0,0,300,285,0,0,9,0,0,0,0,0,0,0,0,0,0,7,1,,7,1,,2,3,,,2,3,,,,,,
447103548968697_1370124133333296,https://www.facebook.com/refyld/posts/1370124133333296,"La plupart des déchets plastiques retrouvés en mer, proviennent de nos emballages. Logique, puisque les emballages, c'est le cœur de l’industrie plastique. ⁠
⁠
En 2017, en Europe près de 40% du plastique brut est transformé en emballage. Le reste, c’est pour l’industrie automobile ou les matériaux de construction. Et tenez-vous bien, vous risquez de tomber : seulement 10 produits de la vie quotidienne à usage unique représentent 70% de tous les polluants rejetés en mer. ⁠
⁠
Sur le podium, vous pouvez applaudir : ⁠
👉 Les emballages alimentaires, ou de snack, éléments de pêche comme corde et cordelettes.⁠
⁠
👉 Les sacs plastiques entiers ou fragmentés, les fragments de plastique ou de polystyrène.⁠
⁠
👉 Enfin, les mégots de cigarette, les bouteilles plastiques et leur formidable bouchons.⁠
⁠
Trêve de bavardages… Comment fait-on pour résoudre cette affaire de plastique ?⁠
⁠
Et bien, on adapte son mode de vie à ses besoins, mais pas seulement. À ses valeurs aussi. Le monde est imparfait. Le sauver semble impossible, mais l’améliorer oui. ⁠
⁠
Alors, re-localisons nos achats, allons chez les petits producteurs, proposons nos propres contenants en alternatives des emballages plastique, utiliser des produits réutilisables et rechargeables à l'infini (cc. @refyld) afin de réduire sa consommation et sa production de déchets... ⁠
⁠
Et plus nous serons nombreux à adopter ces quelques petits gestes au quotidien, plus nous pourront influencer des modes de productions plus responsables. 

Alors, 2021 sera durable, ou ne sera pas. Vous en êtes ? 💪",Photo,,,"12/14/2020 02:20:08 AM"," ",336,336,0,350,350,0,6,1,1,0,0,277,264,0,0,6,0,0,0,0,0,0,0,0,0,0,5,,,5,,,,1,,,,1,,,,,,
447103548968697_1367830096896033,https://www.facebook.com/refyld/posts/1367830096896033,"Le très chouette média MilK Magazine parle de Refyld. Et nous sommes vraiment ravis de découvrir ce bel article, qui reprend la genèse de notre projet et explique parfaitement bien ce qu'est Refyld ! 

Pour le lire, c'est juste ici 👇
https://www.milkmagazine.net/refyld-a-fleur-de-peau/",Link,,,"12/11/2020 02:50:21 AM"," ",436,436,0,465,465,0,34,23,26,0,0,340,315,0,0,29,0,0,0,0,0,0,0,0,0,0,16,2,3,16,2,3,,6,19,,,6,20,,,,,
447103548968697_1367011360311240,https://www.facebook.com/refyld/posts/1367011360311240,"Debora, co-fondatrice de Refyld est passée hier midi dans l'émission La France Bouge de Europe 1 . 🌿

1 minute de pitch puis un rapide échange sur le modèle de Refyld, avec une approbation de de Maurice Levy, grand patron de Publicis Groupe.

Merci Charlotte Barriquand, Elisabeth Assayag Emmanuel Duteil Nathalie CARRE pour ce très bon échange.

Pour écouter notre passage, c'est ici à partir de 26 minutes 👇 👀
https://bit.ly/3oKFZxn",Link,,,"12/10/2020 02:14:56 AM"," ",498,498,0,562,562,0,18,11,13,0,0,418,362,0,0,14,0,0,0,0,0,0,0,0,0,0,10,2,3,12,2,3,,6,6,,,6,7,,,,,
447103548968697_1366154953730214,https://www.facebook.com/refyld/posts/1366154953730214,"🔔 H-15🔔⁠⠀
NOTRE CAMPAGNE SE TERMINE CE SOIR À 23H59.⁠ 💫⁠⠀
⁠⠀
Il reste un peu moins de 15 heures pour rejoindre l’aventure, alors voici un petit message solennel à toutes celles et ceux qui procrastinent 🔊 ⁠⠀
⁠⠀
1. Sachez qu'on vous comprend, mais l'adhésion à vie, c'est MAINTENANT ou JAMAIS.⁠⠀
2. Il ne faut jamais remettre au lendemain ce que l’on peut faire le jour même 😄⁠⠀
3. Adhérer sur #Ulule, c’est l’occasion de de faire des économies pour toute la vie. ⁠⠀
4. Vous pourrez avoir tous vos produits du quotidien à prix coûtant 😱 ⁠⠀
5. Plus on sera nombreux.ses, plus on pourra vraiment faire changer les choses. ⁠⠀
⁠⠀
ON COMPTE SUR VOUS 😘⁠⠀
Rejoignez l'aventure avant qu’il ne soit trop tard : https://fr.ulule.com/refyld/",Photo,,,"12/09/2020 12:44:09 AM"," ",483,483,0,499,499,0,22,18,24,0,0,338,314,0,0,12,0,0,0,0,0,0,0,0,0,0,3,2,1,3,2,1,3,10,8,,3,12,9,,,,,
447103548968697_1365702760442100,https://www.facebook.com/refyld/posts/1365702760442100,"H-24 👀 Oui vous avez bien lu, il ne reste plus que 24 petites heures pour participer à notre campagne Ulule et bénéficier de votre adhésion à vie. 🥳

Alors avis à toutes celles et ceux qui aiment procrastiner : l'adhésion à vie, c'est MAINTENANT ou jamais. 🙏 
https://fr.ulule.com/refyld/",Link,,,"12/08/2020 10:44:01 AM"," ",327,327,0,372,372,0,12,8,8,0,0,272,238,0,0,10,0,0,0,0,0,0,0,0,0,0,4,3,,4,3,,,1,7,,,1,7,,,,,
447103548968697_1365350913810618,https://www.facebook.com/refyld/posts/1365350913810618,"Interview - Journée Mondiale du Climat 🌍⁠⠀

À l’occasion de la journée mondiale du climat, qui a lieu le 8 décembre, Debora, co-fondatrice de Refyld, a répondu aux questions du média Oh! My Mag.",Video,,,"12/08/2020 12:07:52 AM"," ",966,966,0,1107,1107,0,72,56,103,0,0,513,430,0,0,51,27,27,0,0,348,406,0,0,14224,204330,27,4,7,28,4,8,,55,,7,,91,,12,,,,
447103548968697_1364922187186824,https://www.facebook.com/refyld/posts/1364922187186824,"LES NOUVEAUX RÉCITS ÉPISODE 11 - Initiation au Yoga du Visage ✨

L’inspirante Aurélia, aka Here Comes DelSol, nous partage ses conseils pour introduire le Yoga du Visage dans son quotidien et nous invite à partager une petite séance relaxante à pratiquer après une journée de boulot ou au matin pour réveiller son visage.
Vidéo à découvrir juste ici 👉https://www.instagram.com/tv/CIgVIGDirVv/",Photo,,,"12/07/2020 10:25:43 AM"," ",214,214,0,228,228,0,7,3,4,0,0,160,151,0,0,5,0,0,0,0,0,0,0,0,0,0,4,,,4,,,1,,3,,1,,3,,,,,
447103548968697_1364558630556513,https://www.facebook.com/refyld/posts/1364558630556513,"Sous votre sapin, il y a... L’adhésion à vie à Refyld commandée juste à temps avant la fin de la campagne Ulule !⁠ 🎄⁠
⁠
Il est encore temps de soutenir notre projet un peu fou de produits qui ne nuisent ni à notre santé, ni à la planète, ni à notre porte-monnaie. ⁠⁠
⁠
Après, il ne sera plus possible de bénéficier de notre adhésion à vie. C'est maintenant ou jamais.⁠⁠😱⁠
⁠
Rejoignez l'aventure, on vous embarque avec nous ⛵️ : https://fr.ulule.com/refyld/",Photo,,,"12/07/2020 01:35:20 AM"," ",356,356,0,380,380,0,15,10,12,0,0,250,232,0,0,13,0,0,0,0,0,0,0,0,0,0,5,3,,5,4,,,2,8,,,3,9,,,,,
447103548968697_1364218750590501,https://www.facebook.com/refyld/posts/1364218750590501,"2021, une année plus positive ? 🙏 
Nous, on veut y croire. ⁠Et pour ça, on veut prendre soin de vous et de vos intérieurs avec le lancement de Refyld. ⁠
⁠
Alors rejoignez-nous en prenant votre adhésion à vie juste à temps avant la fin de la campagne Ulule ! ⏰ ⁠ Elle ferme mardi à minuit. 🌙⁠
⁠
Il est encore temps de soutenir ce projet un peu fou de produits qui ne nuisent ni à notre santé, ni à la planète, ni à notre porte-monnaie. ⁠
⁠
Après, il ne sera plus possible de bénéficier de notre adhésion à vie. C'est maintenant ou jamais.⁠
⁠
Rejoignez l'aventure, on vous embarque avec nous ⁠❤️ ⁠
https://fr.ulule.com/refyld/ 🤩",Photo,,,"12/06/2020 02:00:38 PM"," ",460,460,0,487,487,0,17,8,8,0,0,368,344,0,0,14,0,0,0,0,0,0,0,0,0,0,10,2,,11,2,,1,5,2,,1,5,2,,,,,
447103548968697_1362271540785222,https://www.facebook.com/refyld/posts/1362271540785222,"L'adhésion à vie, c'est la chance de votre vie... Oui. Mais elle est bientôt finie 💔 ⁠
⁠
Après notre campagne Ulule (J-4), il ne sera plus possible de bénéficier de notre adhésion à vie. C'est maintenant ou jamais !⁠
⁠
Plus que quelques jours pour soutenir le projet, alors foncez sur Ulule 👉  https://fr.ulule.com/refyld/ 🚀",Video,,,"12/04/2020 06:09:00 AM"," ",476,476,0,585,585,0,23,15,18,0,0,207,163,0,0,15,103,109,0,0,149,162,0,0,4339,5567,8,4,1,9,4,1,,11,2,2,,14,2,2,,,,
447103548968697_1361520680860308,https://www.facebook.com/refyld/posts/1361520680860308,"On est à J-5 de la fin de notre campagne Ulule et on comptabilise déjà plus de 3600 adhésions à vie, des clients.es en or et des fournisseurs derrière nous, alors on veut y croire jusqu’au bout 💪 ⁠ ⁠
⁠
Plus cette campagne sera un succès, plus nous aurons d’arguments pour la suite afin de faire changer les choses. ✊ ⁠

ON COMPTE SUR VOUS PLUS QUE JAMAIS : https://fr.ulule.com/refyld/ 🙏",Photo,,,"12/03/2020 08:01:59 AM"," ",396,396,0,432,432,0,8,5,6,0,0,328,293,0,0,7,0,0,0,0,0,0,0,0,0,0,3,2,,3,2,,,1,5,,,1,5,,,,,
447103548968697_1360774290934947,https://www.facebook.com/refyld/posts/1360774290934947,"LES NOUVEAUX RÉCITS - Épisode 10 : https://bit.ly/3qlLMeb

🌱Le CBD pour une (re)connexion à soi 100% naturelle🌱

Aujourd'hui, on vous donne rendez-vous pour une interview en #live avec Léa, la co-fondatrice de la marque @equilibre_cbd. Elle  explique ce qu’est le CBD, quelles différences il y a entre CBD et THC, comment le CBD fonctionne sur notre corps et quels en sont les bienfaits, comment le consommer au quotidien... Bref Léa répond à toutes vos questions sur le CBD, pour enfin prendre soin de vous de façon 100% naturelle. ✨🌱  À voir juste ici : https://bit.ly/3qlLMeb

Merci beaucoup Equilibre 💛",,,,"12/02/2020 08:48:48 AM"," ",347,347,0,371,371,0,11,9,11,0,0,295,270,0,0,8,0,0,0,0,0,0,0,0,0,0,3,,1,3,,1,,4,6,,,5,6,,,,,
447103548968697_1360663904279319,https://www.facebook.com/refyld/posts/1360663904279319,"🚀 ON RECRUTE🚀 

Nous avons 3 postes ouverts pour le début d'année 2021 en #stages et #alternance : 
👉Développeur.se Lead Full Stack (alternance) pour nous aider dans notre développement
👉Bras droit fondateur (stage) pour accompagner Baptiste sur la production et les opérations
👉 Assistant.e Social Media &amp; Brand Content (stage) pour rejoindre la team de Debora 

Si vous êtes la perle rare ou si vous la connaissez, toutes nos offres sont sur How I Met Your Planet.

N'hésitez pas à partager ou identifier vos relations ! 🙌",Link,,,"12/02/2020 05:57:24 AM"," ",429,429,0,448,448,0,14,8,11,0,0,360,336,0,0,11,0,0,0,0,0,0,0,0,0,0,7,,,7,2,,,7,1,,,10,1,,,,,
447103548968697_1359978191014557,https://www.facebook.com/refyld/posts/1359978191014557,"Notre définition du « supermarché parfait » ?⁠
👉 Il ne contient que des produits bon pour la santé. ⁠
👉 Il ne continent que des produits bon pour la planète. ⁠
👉 Et tous ces produits ne coûtent pas un bras ! ⁠
⁠
Et bien avec Refyld c'est possible.⁠
⁠
Il ne vous reste plus qu'à adhérer des maintenant sur #Ulule pour prendre votre adhésion à vie. J-7 : https://fr.ulule.com/refyld/💫",Video,,,"12/01/2020 10:04:21 AM"," ",546,546,0,614,614,0,48,36,53,0,0,416,368,0,0,39,57,58,0,0,201,210,0,0,6227,16426,18,3,2,19,3,2,,29,3,8,,42,3,8,,,,
447103548968697_1358800047799038,https://www.facebook.com/refyld/posts/1358800047799038,"💫 J-9 avant la fin de notre campagne Ulule💫

Adhérez dès aujourd'hui sur Ulule pour avoir accès à notre site et à tous nos produits à prix coûtant dès début 2021. ⁠
⁠
Notre adhésion à VIE est disponible sur Ulule pendant encore 9 petits jours. Alors n'hésitez pas à nous soutenir sur Ulule car...⁠

💪 Vous soutenez un projet entrepreneurial à ses débuts⁠
🙌 Vous bénéficiez d'une offre exceptionnelle : une adhésion à VIE (uniquement dispo sur Ulule, après cette campagne seul d'abonnement annuel sera dispo) ⁠
🤝 Vous nous aidez à financer les premières production⁠
✌️Et vous pourrez dire à vos petits-enfants : &quot;j'ai contribué à faire changer les choses&quot; (On peut rêver, non ?🙊)⁠
⁠
✨ Alors pour prendre votre adhésion à vie, il suffit de cliquer sur le lien juste ici https://lnkd.in/dT6Wv9K ! ✨ ⁠
⁠
#refyld #moinsmaismieux #homesweethome #refyldisthenewrecycle
photo Victoire Duhot",Photo,,,"11/30/2020 12:39:01 AM"," ",587,587,0,672,672,0,26,16,17,0,0,363,331,0,0,20,0,0,0,0,0,0,0,0,0,0,11,3,,11,3,,,6,11,,,6,11,,,,,
447103548968697_1358000694545640,https://www.facebook.com/refyld/posts/1358000694545640,"Le nouvel épisode de notre série &quot;Les Nouveaux Récits&quot; est en ligne ! 

On retrouve Monique, la co-fondatrice de la marque Cosmic Dealer, une marque dédiée aux produits de bien-être inspirés de l'Ayurveda. 🧘‍♀️

Dans cette vidéo, Monique vous partage ses précieux conseils pour lutter contre les virus de l’hiver. Des conseils inspirants, qui proposent une nouvelle approche du bien-être, le tout avec beaucoup fraîcheur. Au programme ? Comment nettoyer les portes d’entrées du corps, le lien entre le soleil et la digestion, comment prendre soin de son système nerveux… etc. 🌈

@moniquefoy @cosmicdealer",Video,,,"11/29/2020 01:01:02 AM"," ",414,414,0,484,484,0,13,10,11,0,0,364,322,0,0,10,0,0,0,0,128,136,0,0,10169,1745930,3,,2,3,,2,,6,,4,,7,,4,,,,
447103548968697_1356348791377497,https://www.facebook.com/refyld/posts/1356348791377497,"Vous êtes à la recherche de nouveaux produits pour prendre soin de vous ? 😊 ⁠ Vous êtes au bon endroit 👉https://fr.ulule.com/refyld/
⁠
Chez Refyld, nous avons voulu vous proposer des produits pour prendre soin de vous, de la planète &amp; de votre porte-monnaie... Mais surtout des produits qui s'intègrent sans aucun effort dans vos intérieurs 🏡",Photo,,,"11/27/2020 12:54:48 AM"," ",513,513,0,583,583,0,19,11,13,0,0,358,330,0,0,14,0,0,0,0,0,0,0,0,0,0,7,1,,7,1,,2,4,7,,2,4,7,,,,,
447103548968697_1355861471426229,https://www.facebook.com/refyld/posts/1355861471426229,"🎥  INTERVIEW 🎥

On a répondu aux questions du chouette média Dim Dam Dom Magazine, au sujet de Refyld, son but, nos engagements et nos quelques conseils pour adopter un quotidien plus responsable et #zérodéchet.
Pour voir l'interview, RDV ici 👉  https://bit.ly/3fH368v",Photo,,,"11/26/2020 08:53:09 AM"," ",727,727,0,797,797,0,70,40,49,0,0,517,464,0,0,58,0,0,0,0,0,0,0,0,0,0,33,3,2,36,3,2,3,24,16,,3,29,17,,,,,
447103548968697_1354799954865714,https://www.facebook.com/refyld/posts/1354799954865714,"🚀 REFYLD RECRUUUTE ! 🚀  ⁠
⁠
2021 approche à grands pas et nous sommes à la recherche de deux personnes pour nous accompagner sur les 6 prochains mois 🥳⁠
⁠
Deux posts à pourvoir début janvier 2021 en #stage à Paris, télétravail possible à condition de pouvoir se déplacer à Paris 2 fois par semaine (minimum) : ⁠
⁠
👉 Bras droit fondateur pour accompagner Baptiste sur l'e-commerce, la production et les opérations⁠
👉 Assistant.e Social Media &amp; Brand Content pour rejoindre la team de Debora
⁠
Deux posts clés pour amorcer 2021 avec le sourire (et avec beaucoup de boulot) 💪 ⁠
⁠
Alors si vous êtes prêt.e à faire bouger les lignes, si vous êtes la perle rare (ou si vous la connaissez), toutes nos offres sont sur le site de How I Met Your Planet, la nouvelle plateforme pour trouver un job avec du sens et avec un vrai impact. 👇👇👇",Link,,,"11/25/2020 03:13:54 AM"," ",522,522,0,572,572,0,34,23,28,0,0,438,397,0,0,27,0,0,0,0,0,0,0,0,0,0,15,,,17,6,,,13,12,,,16,12,,,,,
447103548968697_1354039291608447,https://www.facebook.com/refyld/posts/1354039291608447,"Les Nouveaux Récits, épisode 7 : Comment retrouver la motivation pendant le confinement ? 

Léa a fondé Le Yogascope, des séjours de yoga et workshops mieux-être basés sur le partage et l'échange. C’est donc en toute logique que nous avons voulu demandé à Léa ses conseils pour retrouver l’équilibre et la motivation en cette période de confinement grâce à la mise en place d’une routine. ☀️⁠ Un peu de self love, aucune pression, du feel good… Bref, que du bonheur pour une routine qui dure dans le temps. Prêts.es pour vous remettre en forme grâce aux conseils de Léa ? 🌿",Video,,,"11/24/2020 04:37:02 AM"," ",495,495,0,586,586,0,26,25,33,0,0,399,353,0,0,22,0,0,0,0,157,160,0,0,9825,486762,5,1,,5,1,,,21,,7,,26,,7,,,,
447103548968697_1353094371702939,https://www.facebook.com/refyld/posts/1353094371702939,"Vous aussi vous passez plus de temps dans la cuisine ces jours-ci ? 🍴 Alors ce liquide vaisselle devrait vous plaire.🧼 Il sera livré dans un contenant en verre 100% rechargeable. 🤩⁠
⁠
Et pour nous aider à faire de ce projet une réalité, rendez-vous par ici 👉  fr.ulule.com/refyld/ 💛",Photo,,,"11/23/2020 01:12:40 AM"," ",592,592,0,639,639,0,35,30,49,0,0,510,474,0,0,27,0,0,0,0,0,0,0,0,0,0,4,,3,4,,4,,27,3,,,46,3,,,,,
447103548968697_1352359535109756,https://www.facebook.com/refyld/posts/1352359535109756,"L'épisode n°6 de notre série Les Nouveaux Récits est en ligne. 

Au programme ? Apprenez à faire votre pain à la maison comme un.e pro 🥖

La farine est devenu l’élément le plus précieux du premier confinement et elle est en passe de le devenir pour ce second épisode. Le pain, quant à lui est devenu la star de nos confinements. Et pour Sarah, la fondatrice du compte Instagram @frenchbontemps, auteure de Babkas &amp; brioches » aux éditions Marabout, il n'y a pas plus bel acte de rébellion et d'indépendance que de savoir faire son pain. C’est aussi une forme d’autonomie alimentaire que de pouvoir s’émanciper de tous les pains aux additifs qu'on nous fait manger. Sarah a donc décidé de vous partager une recette simple et accessible pour apprendre à faire son pain à la maison comme un.e pro. Alors, à vos tabliers !

🥐 Merci Sarah Crosetti 🥐",Video,,,"11/22/2020 01:49:31 AM"," ",431,431,0,502,502,0,26,23,28,0,0,337,294,0,0,22,1,2,0,0,162,179,0,0,27676,1606848,3,2,1,3,2,2,,21,,3,,25,,3,,,,
447103548968697_1351582745187435,https://www.facebook.com/refyld/posts/1351582745187435,"Travailler en France, avec des personnes qui partagent nos valeurs, nous permet d'avancer et de grandir tous ensemble. 🇫🇷 

Les crises actuelles (climatique et sanitaire) appellent à la solidarité. C'est pourquoi en travaillant localement, nous savons aussi exactement quels écosystèmes nous soutenons. 

Et ça, ça n'a pas de prix. 🙌⁠💛",Photo,,,"11/21/2020 03:36:11 AM"," ",759,759,0,819,819,0,30,11,11,0,0,464,434,0,0,19,0,0,0,0,0,0,0,0,0,0,18,3,,18,3,,,11,,,,11,,,,,,
447103548968697_1350874251924951,https://www.facebook.com/refyld/posts/1350874251924951,"Avec son parfum délicat frais et ses ingrédients naturels, notre savon liquide pour les mains est un essentiel pour votre quotidien.😊⁠
⁠
Pour pouvoir accéder à notre site et à tous nos produits à prix coûtant à VIE, rendez-vous ici 👉  fr.ulule.com/refyld⁠/ 💛",Video,,,"11/20/2020 06:41:09 AM"," ",459,459,0,536,536,0,34,29,44,0,0,390,340,0,0,24,77,83,0,0,144,161,0,0,4969,6400,6,,2,6,,2,,16,12,8,,22,14,8,,,,
447103548968697_1349833225362387,https://www.facebook.com/refyld/posts/1349833225362387,"&quot;Notre recharge, notre bataille&quot; — On vous explique le pourquoi du comment de notre recharge (temps de lecture moins de 2 minutes)👇

Oui, notre recharge, c'est notre grande bataille. Dès que nous avons imaginé Refyld, nous avons souhaité que tous nos produits soient 100% rechargeables, dans le but de vous faciliter la vie. C’est la recharge qui viendra à vous et non l’inverse. ✨

Mais après avoir passé au peigne fin toutes les possibilités de recharges disponibles sur le marché... On a découvert, à notre plus grand regret 😱 que toutes les options possibles sont fabriquées à partir de plastique... Et même si la recharge est fabriquée à partir en PET aka Polyéthylène Téréphtalate, aka plastique recyclé), ça ne change rien pour nous. 🤚

Car il faut savoir que le plastique ne peut pas se recycler à l'infini comme on peut nous le faire croire. À vrai dire, il peut se recycler une fois ou au mieux deux. Donc le plastique déjà recyclé (PET), lui ne se recycle PAS. Il faudra automatiquement rajouter de la matière vierge pour pouvoir l'utiliser à nouveau. Donc c'est naze et c'est pour nous, une forme de #greenwashing que de venter les mérites du plastique recyclé. 😠

Et puis chez Refyld, nous sommes dans une démarche de ré-duc-tion, donc le recyclage n'est pour nous pas la meilleure option. Voir, pas une option du TOUT. 👊

Alors au final, après un peu de courage et de nombreuses réflexions... On a décidé, il y a plus de 6 mois, de se lancer dans un grand chantier. Concevoir la PREMIÈRE RECHARGE 100% BIODÉGRADABLE et donc zéro plastique. 😍

Pour cela nous travaillions avec un laboratoire français. 🇫🇷 On vous passe tous les détails techniques auxquels on doit faire face 😅 mais ce qu'il faut savoir c'est que oui, une recharge 100% biodégradable en papier C'EST POSSIBLE. Et cette recharge, si tout va bien, devrait voir le jour d'ici fin 2021. 🙏

En attendant l'arrivée de notre recharge, nous avons donc choisi l'option la plus saine du marché (avec du plastique recyclé), mais ce n'est plus pour très longtemps. On avance, on trouve des solutions et on se concentre sur l'avenir... Et sur notre super recharge qui verra bientôt le jour. #refyldisthenewrecycle",Photo,,,"11/19/2020 02:04:45 AM"," ",883,883,0,985,985,0,33,15,17,1,1,485,434,0,0,23,0,0,0,0,0,0,0,0,0,0,20,6,,21,6,,1,14,,,2,15,,,1,,1,
447103548968697_1348977938781249,https://www.facebook.com/refyld/posts/1348977938781249,"BOUM, LA CAMPAGNE EXPLOSE : REFYLD DÉPASSE LES 1000%... GO pour les 1500% 😍

Nous avons dépassé les 1000% 🥳

MERCI, MERCI, MERCI : vous n'imaginez pas à quel point nous sommes heureux.

Et si, on voyait beaucoup plus grand, genre 1500% ? 

D'ici vendredi soir, si nous atteignons les 1500%, on vous promets une surprise spéciale fêtes de noël ! 🎄

Alors partants·es ? 🎉

On compte sur vous. 🙏",Photo,,,"11/18/2020 12:26:24 AM"," ",1266,1266,0,1485,1485,0,65,39,57,1,1,564,522,0,0,46,0,0,0,0,0,0,0,0,0,0,28,4,1,30,4,1,8,32,,,8,49,,,1,,1,
447103548968697_1348292455516464,https://www.facebook.com/refyld/posts/1348292455516464,"😍 PARUTIONS PRESSE 😍

Aujourd'hui on parle de Refyld dans la presse : 

👉  Sur le média de Business O Féminin : https://bit.ly/3f8yfBv

👉  Sur le média de Frenchdoes : https://bit.ly/3lRfvJa

👉  Et sur WILLA by Paris Pionnières, notre incubateur : https://bit.ly/32UBUhp",Link,,,"11/17/2020 06:15:48 AM"," ",446,446,0,496,496,0,25,17,24,1,1,372,328,0,0,18,0,0,0,0,0,0,0,0,0,0,11,1,,14,1,,,8,11,,,13,11,,1,,1,
447103548968697_1347524642259912,https://www.facebook.com/refyld/posts/1347524642259912,"Dans le cadre de notre série &quot;Les Nouveaux Récits&quot; Aujourd’hui, on vous partage l'épisode 4.

On vous donne rendez-vous avec Mathilde Lagarrigue, photographe et co-fondatrice de la marque Les Petites Françaises.

Mathilde s’est mise à écrire dès la fin du premier confinement pour apprendre à mieux se connaître et tirer des leçons sur ce qu’elle vit. Elle nous partage donc ses astuces pour intégrer l’écriture à son quotidien. Elle évoque aussi la tendance du journaling. ✨⁠

Écrire pour se mettre face à soi-même, pour mieux appréhender le futur, voilà ce que Mathilde va vous partager dans cette vidéo. 💛",Video,,,"11/16/2020 09:48:47 AM"," ",285,285,0,348,348,0,14,11,19,0,0,185,166,0,0,12,0,0,0,0,100,107,0,0,10481,651945,3,,,3,,,,8,,4,,15,,4,,,,
447103548968697_1346507202361656,https://www.facebook.com/refyld/posts/1346507202361656,"Si vous cherchez des produits bons pour vous comme pour la planète... Le tout sans vous ruiner, vous savez où aller 🤗 Par ici 👉 fr.ulule.com/refyld/ 💛",Photo,,,"11/15/2020 08:32:34 AM"," ",597,597,0,669,669,0,27,16,23,0,0,445,401,0,0,14,0,0,0,0,0,0,0,0,0,0,9,3,2,9,3,2,,10,11,,,11,12,,,,,
447103548968697_1344318375913872,https://www.facebook.com/refyld/posts/1344318375913872,"Nous avons dépassé les 1500 préventes sur #Ulule... Franchement, c'est la fo-lie... C'est DINGUE et c'est grâce à VOUS alors MERCI du fond du coeur !⁠
⁠
Mais il nous reste 20 jours pour faire encore plus fort et démocratiser au maximum la consommation responsable !⁠
⁠
👉 Vous nous suivez ? ⁠
⁠
Nous mettons donc le cap sur les 2000 préventes 🔥 ⁠
⁠
Et pour ça, on va avoir besoin de vous pour avoir un réel impact. 🚀 ⁠
⁠
Embarquez avec vous toute votre famille, vos amis.es, vos collègues... Car pour chaque personne que vous parrainez, on vous offre un bon d'achat de 10€⁠.
⁠
Et plus vous parrainez, plus vous obtiendrez de bons d’achat à utiliser dès l’ouverture de notre site. 🤩⁠
⁠
Alors concrètement, il suffit de demander aux personnes que vous parrainez de laisser votre nom en commentaire, sur Ulule, une fois leur adhésion achetée !⁠
⁠
Pour prendre votre adhésion à VIE, en édition limitée sur Ulule, RDV ici 👉 fr.ulule.com/refyld/ 
⁠
On compte sur VOUS ! MERCI MERCI MERCI 💛",Photo,,,"11/13/2020 02:36:52 AM"," ",782,782,0,869,869,0,50,39,48,0,0,627,560,0,0,37,0,0,0,0,0,0,0,0,0,0,12,,5,12,1,7,4,23,15,,4,29,15,,,,,
447103548968697_1343615085984201,https://www.facebook.com/refyld/posts/1343615085984201,"Nous ne comptons pas nous arrêter aux produits de soin et d’hygiène. Nous sommes déjà en train de développer une gamme de produits ménagers. ✌️💚♻️ 🌱⁠
⁠
Parce que, comme on le dit depuis le début : &quot;construire un avenir meilleur ça commence chez soi.&quot; 🙏 ⁠
⁠
⁠Photo par @vicdht.photo ✨",Photo,,,"11/12/2020 07:00:17 AM"," ",512,512,0,555,555,0,7,0,0,0,0,375,343,0,0,6,0,0,0,0,0,0,0,0,0,0,7,1,,7,1,,,,,,,,,,,,,
447103548968697_1342735609405482,https://www.facebook.com/refyld/posts/1342735609405482,"Le deuxième épisode de notre série &quot;Les Nouveaux Récits&quot; est en ligne.

Aujourd'hui, c'est Stéphanie, la fondatrice de Cosm skin &amp; mind qui vous partage ses conseils bien-être, inspirés de l'ayurveda pour mieux appréhender l’hiver. 💛 

Elle évoque le processus de detox entre l’automne et l’hiver, les aliments et compléments à privilégier pour soutenir son système digestif, des astuces pour prendre soin de son visage, de son corps, mais aussi de son âme pour diminuer le stress… 🌱⁣⁣ 

En écoutant Stéphanie, vous allez pouvoir trouver tout ce dont vous avez besoin pour retrouver l’équilibre en cette période instable. ✨⁣⁣",Video,,,"11/11/2020 09:59:00 AM"," ",565,565,0,694,694,0,38,36,44,0,0,436,372,0,0,29,2,2,0,0,206,218,0,0,13415,787689,5,,1,5,,2,,31,1,8,,35,1,8,,,,
447103548968697_1342363002776076,https://www.facebook.com/refyld/posts/1342363002776076,"La presse parle de Refyld 💌

Après avoir découvert que, grâce à vous, nous avons dépassé très largement les 1000 préventes sur Ulule... 🎉  Ce matin nous avons découvert un chouette article dans le média de L'info Durable qui partage notre mission de &quot;démocratiser la consommation responsable&quot; et présente notre concept avec brio. 🙏

À lire ici 👉  https://bit.ly/2IhNLPL",Photo,,,"11/11/2020 02:50:22 AM"," ",380,380,0,418,418,0,16,9,11,0,0,206,183,0,0,13,0,0,0,0,0,0,0,0,0,0,10,1,1,10,1,1,3,2,6,,3,2,6,,,,,
447103548968697_1341284286217281,https://www.facebook.com/refyld/posts/1341284286217281,"Quand on veut commencer la journée du bon pied, on file lire les commentaires que vous nous laissez après avoir contribué sur #Ulule.... Et on peut vous dire que ça nous file la banane pour toute la journée 😍😃 ! ⁠⠀
⁠⠀
Ça nous touche tellement et surtout, ça nous boost pour travailler d'arrache-pied afin de vous proposer une VRAIE solution : responsable, accessible, innovante et solidaire pour mieux consommer sans se ruiner.⁠⠀
⁠⠀
On vous partage ici un petit échantillon de vos mots doux... Merci du fond du coeur 💛",Photo,,,"11/09/2020 11:28:56 PM"," ",425,425,0,469,469,0,15,10,11,0,0,256,223,0,0,11,0,0,0,0,0,0,0,0,0,0,6,,,6,,,9,2,,,9,2,,,,,,
447103548968697_1337788443233532,https://www.facebook.com/refyld/posts/1337788443233532,"Notre pari un peu fou : rendre accessible des produits qui ne nuisent ni à votre santé, ni à la planète, ni à votre porte-monnaie. 🌱
Nous souhaitons emmener ce projet très loin et avoir un réel impact, pour ça, nous avons besoin de  VOUS ! 🚀",Video,,,"11/09/2020 01:00:25 PM"," ",10018,2307,7668,18852,2629,16223,736,682,996,0,0,1744,468,1318,319,87,70,74,116,116,687,807,2276,2943,6690,141162,81,14,4,92,14,4,,466,277,112,,539,300,157,,,,
447103548968697_1340874682924908,https://www.facebook.com/refyld/posts/1340874682924908,"C'est l'effet que notre adhésion à vie peut procurer : un sentiment de satisfaction et d'apaisement total. 🙌⁠
⁠
Oui, car c'est quand même rassurant de savoir que, grâce à notre adhésion à vie, vous allez pouvoir accéder à des produits sains, durables, faits en France, rechargeables et vendus à prix coûtant TOUTE VOTRE VIE 😍⁠
⁠
Si ce n'est pas encore le cas, foncez nous soutenir sur @Ulule, vous verrez ça fait un bien fou : https://fr.ulule.com/refyld/🙏💛",Photo,,,"11/09/2020 11:20:49 AM"," ",612,612,0,672,672,0,30,17,20,0,0,406,365,0,0,23,0,0,0,0,0,0,0,0,0,0,12,1,1,13,1,1,2,5,11,,2,7,11,,,,,
447103548968697_1340324669646576,https://www.facebook.com/refyld/posts/1340324669646576,"Notre pari un peu fou 👉 vous proposer des produits qui ne nuisent ni à notre santé, ni à la planète, ni à notre porte-monnaie. 🌿⁠
⁠
Sans vous le projet n'existe pas, alors du fond du coeur, MERCI pour vos partages, commentaires et soutiens. 💛

Et on vous donne rendez-vous sur notre campagne Ulule 👉 fr.ulule.com/refyld/",Video,,,"11/09/2020 12:39:59 AM"," ",1212,1212,0,1490,1490,0,96,80,128,0,0,447,316,0,0,48,53,53,0,0,443,506,0,0,12779,141162,30,11,3,39,11,6,,62,17,14,,91,17,20,,,,
447103548968697_1339804906365219,https://www.facebook.com/refyld/posts/1339804906365219,"Dans le cadre de notre série &quot;Les Nouveaux Récits&quot;, Roxanne la fondatrice de YogAsana : le premier jeu de yoga illustré et détaillé, nous partage son concept et ainsi qu'un cour de yoga, imaginé avec ses cartes. 
Son idée avec YogAsana ? Nous aider à approfondir nos connaissances, maîtriser chaque posture et exprimer notre créativité en créant nos propres séquences. ✨🤸  Bonne séance !

PS : Roxanne a aussi lancé une campagne de crowdfunding pour pouvoir donner vie à son jeu de cartes et il ne reste plus que 4 jours pour la soutenir, alors RDV ici : https://bit.ly/3eFPHx5",Video,,,"11/08/2020 10:27:58 AM"," ",524,524,0,630,630,0,24,23,26,0,0,399,338,0,0,17,0,0,0,0,182,197,0,0,10743,2476384,2,1,,2,1,,,14,2,9,,15,2,9,,,,
447103548968697_1339417359737307,https://www.facebook.com/refyld/posts/1339417359737307,"Grâce à l'adhésion à vie, vous pourrez avoir accès à notre site et à tous nos produits à prix coûtant pour le reste de votre vie : ⁠⠀
⁠⠀
👉 Des produits pour soi et sa maison sains, naturels, fabriqués en France et rechargeables 🌿⁠⠀
👉 La possibilité d'automatiser vos achats en fonction de vos besoins
👉 Des contenus simples et complets 💡⁠⠀
👉 Une communauté solidaire et engagée 💛⁠⠀
⁠⠀
Et puis, l'adhésion permet à chacun d’avoir un impact positif dans son quotidien et pour la société. C’est une façon de démocratiser et de pérenniser l’engagement pour demain. 💪⁠⠀
⁠⠀
Vous nous rejoignez ? 👉 RDV sur ⁠fr.ulule.com/refyld",Photo,,,"11/08/2020 01:08:18 AM"," ",601,601,0,664,664,0,27,19,20,1,1,420,373,0,0,22,0,0,0,0,0,0,0,0,0,0,7,4,1,10,4,1,1,12,6,,1,13,6,,,1,,1
447103548968697_1338786963133680,https://www.facebook.com/refyld/posts/1338786963133680,"Nous avons constaté que la crise a renforcé le besoin de solidarité et a fait naître une immense envie d’agir au service du bien commun. De ce potentiel immense d’engagement est né le projet #Refyld. Refyld on l'a imaginé pendant le 1er confinement, alors on l'a voulu solidaire, innovant et accessible. ⁠
⁠
Et aujourd'hui, en lançant notre campagne de crowdfunding pendant ce 2ème confinement (😅), nous avons fait le choix de parier sur notre capacité collective à nous réinventer. ⁠
⁠
Nous sommes convaincus que, tous.tes ensemble nous pouvons faire changer les choses et continuer à imaginer un meilleur futur. ⁠
⁠
Pas vrai ? ⁠🧐
⁠
👉 Rejoignez-nous ici : fr.ulule.com/refyld pour ne pas manquer l'opportunité de changer réellement la consommation💡",Photo,,,"11/07/2020 09:14:51 AM"," ",420,420,0,464,464,0,8,2,2,0,0,325,292,0,0,8,0,0,0,0,0,0,0,0,0,0,5,1,,6,1,,1,,1,,1,,1,,,,,
447103548968697_1337626023249774,https://www.facebook.com/refyld/posts/1337626023249774,"CONCOURS BALT x Refyld — @balt_sneakers, c'est la marque de sneakers engagées qui va enfin vous faire prendre votre pied ! ⁠⠀
⁠⠀
BALT est aussi en campagne de #crowdfunding sur @Ulule et en cette période un peu étrange, nous avons décidé d'unir nos forces et de vous proposer un concours sur notre compte Instagram pour bien terminer l'année. On vous propose donc de gagner : ⁠⠀
 ⁠⠀
→ Une paire de sneakers BALT, ultra-confortables, en matériaux recyclés et fabriquées en Europe.👟⁠⠀
⁠⠀
→ Une adhésion à vie à Refyld pour avoir accès à tous vos produits du quotidien sains, naturels, rechagreables, fabriqués en France et vendus à prix coûtant. 🌱⁠⠀
⁠⠀
Pour participer au concours , RDV sur notre compte Instagram : www.instagram.com/refyld",Photo,,,"11/06/2020 06:04:01 AM"," ",372,372,0,418,418,0,21,11,17,0,0,223,201,0,0,17,0,0,0,0,0,0,0,0,0,0,5,5,,6,5,,7,3,5,,7,5,5,,,,,
447103548968697_1337394356606274,https://www.facebook.com/refyld/posts/1337394356606274,"Chez Refyld, on a pour mission de rendre les produits sains accessibles à tous.tes, alors on a décidé de proposer tous nos produits à prix coûtant. ⁠On vous explique comment : ⁠
⁠
👉 Nous proposons tous nos produits à prix coûtant, grâce à une simple adhésion. ⁠
⁠
🤓 Pour pouvoir vous offrir des prix imbattables, cela passe  par la nécessité de contourner les nombreux intermédiaires de la chaine de distribution. 📦 ⁠
👇⁠
Passer en direct des fabricants nous permet de vous proposer une gamme complète de produits (soin, hygiène, entretien et alimentaire), en assurant la qualité de nos produits au meilleur prix.⁠
⁠
👭👫👭👬 Mais ça passe aussi par, la nécessité d'être nombreux.ses à adhérer à notre #plateforme. Car plus nous serons nombreux.ses, plus nous pourrons vous proposer des prix encore plus attractifs. 💪⁠
⁠
En s'y mettant tous.tes ensemble, on a tout à gagner ! ❤️⁠
⁠
Alors REJOIGNEZ-NOUS DÈS MAINTENANT SUR #ULULE : https://fr.ulule.com/refyld/ 🔥",Photo,,,"11/06/2020 12:23:18 AM"," ",286,286,0,313,313,0,7,3,3,0,0,212,193,0,0,6,0,0,0,0,0,0,0,0,0,0,4,,,4,,,1,2,,,1,2,,,,,,
447103548968697_1336926246653085,https://www.facebook.com/refyld/posts/1336926246653085,"Des produits qui ne nuisent ⁠
ni à votre santé,💛⁠
ni à la planète, 🌱⁠
ni à votre⁠ porte-monnaie. 💰⁠
⁠
RDV sur @Ulule pour nous soutenir 🤩 : fr.ulule.com/refyld/ (lien dans la bio) ⁠
⁠
#refyld #refyldisthenewrecycle #moinsmaismieux #consommationresponsable #laqualitépourtous #crowdfunding #lancement #startup #solidaire #crowdfundingcampaign #ecologique #zerodechet",Photo,,,"11/05/2020 10:55:32 AM"," ",403,403,0,437,437,0,11,9,9,0,0,336,305,0,0,10,0,0,0,0,0,0,0,0,0,0,4,,,4,,,5,1,3,,5,1,3,,,,,
447103548968697_1335799500099093,https://www.facebook.com/refyld/posts/1335799500099093,"Tous nos produits sont pensés pour prendre soin de vous, de la planète... Et de votre porte-monnaie. What else ? 💁‍♂️ 💁‍♀️⁠
⁠
Adhérez sur #Ulule dès maintenant 👉 fr.ulule.com/refyld",Photo,,,"11/04/2020 05:05:31 AM"," ",307,307,0,327,327,0,11,8,10,0,0,206,192,0,0,7,0,0,0,0,0,0,0,0,0,0,4,2,,4,2,,3,4,2,,3,5,2,,,,,
447103548968697_1334815856864124,https://www.facebook.com/refyld/posts/1334815856864124,"LANCEMENT DE NOTRE PROGRAMME DE PARRAINAGE  🎉

👉 On a décidé d’offrir un bon d’achat de 10€ pour chaque personne que vous parrainez.

Vous avez déjà acheté votre adhésion à vie ? Vous pouvez donc parrainer vos proches et les encourager à rejoindre le mouvement et participer à démocratiser la consommation responsable.

Plus vous parrainez, plus vous obtiendrez de bons d’achat à utiliser dès l’ouverture de notre site.😍

Alors concrètement, pour que l’on puisse suivre vos exploits, il suffit de demander aux personnes que vous parrainez de laisser votre nom en commentaire, sur Ulule, une fois leur adhésion achetée ! 🌱",Photo,,,"11/03/2020 01:52:25 AM"," ",157,157,0,163,163,0,2,0,0,0,0,81,76,0,0,2,0,0,0,0,0,0,0,0,0,0,1,1,,1,1,,,,,,,,,,,,,
447103548968697_1333888360290207,https://www.facebook.com/refyld/posts/1333888360290207,"Saviez-vous que ce qui nous a poussé à lancer notre projet c'est la réalisation de notre documentaire sur la #surconsommation ? 🎥⁠⠀
⁠⠀
Après ça, on n'a eu qu'une seule envie : entreprendre pour un monde meilleur ! 👊⁠⠀
⁠⠀
On vous a fait une petite rétrospective de notre parcours, parce que pour savoir où l'on va, il faut savoir d'où l'on vient...😉⁠⠀
⁠⠀
#refyld #refyldisthenewrecycle #timeline #consommationresponsable #documentaire #crowdfunding #lancement #solidaire #ecologique ⁠⠀ #motivation #entrepreneurlife #work",Photo,,,"11/02/2020 02:33:25 AM"," ",831,831,0,921,921,0,102,92,125,0,0,493,438,0,0,70,0,0,0,0,0,0,0,0,0,0,26,6,,28,6,,84,22,,,86,39,,,,,,
447103548968697_1333215637024146,https://www.facebook.com/refyld/posts/1333215637024146,"On répond à toutes vos questions 💬",Video,,,"11/01/2020 07:48:56 AM"," ",518,518,0,650,650,0,35,30,36,0,0,397,317,0,0,28,25,26,0,0,117,124,0,0,19670,203069,7,2,,9,2,,,20,1,10,,23,1,12,,,,
447103548968697_1332030037142706,https://www.facebook.com/refyld/posts/1332030037142706,"Avec Refyld, on veut rendre la qualité accessible à tous.tes. 💪⁠
⁠
Imaginez vous rendre au supermarché et y trouver des produits qui ne nuisent ni à votre santé, ni à la planète, ni à votre porte-monnaie.

Concrètement, chaque personne qui adhère pourra accéder à tous nos produits à prix coûtant : soin, hygiène, entretien, alimentaire. 💦🛀🏡🍴 ⁠
⁠
👉 Le prix coûtant, ça veut dire que tous nos produits sont vendus au prix juste, au prix qu’ils coutent vraiment quoi.⁠
👉 Nos produits sont naturels, fabriqués en France, conditionnés dans des contenants en verre et rechargeables à l'infini grâce à notre recharge 100% biodégradable. Pratique.⁠
👉  Et en plus, en ce moment sur @Ulule, on vous propose une offre exceptionnelle : une adhésion à VIE à Refyld. ⁠
⁠
🤩 Rendez-vous dès maintenant sur ulule.com/refyld (lien en bio) pour prendre votre adhésion à vie et faire un maximum d'économies. 🤩⁠
⁠
Un grand MERCI d'avance pour votre soutien. 💛⁠
⁠
#refyld #refyldisthenewrecycle #moinsmaismieux #consommationresponsable #laqualitépourtous #solidarite  #crowdfunding #madeinfrance #lancement #startup  #soutien #solidaire #crowdfundingcampaign #ecologique⁠
Photo : @vicdht.photo",Photo,,,"10/31/2020 03:40:28 AM"," ",350,350,0,391,391,0,9,3,3,0,0,256,233,0,0,8,0,0,0,0,0,0,0,0,0,0,6,1,,6,1,,1,2,,,1,2,,,,,,
447103548968697_1331155327230177,https://www.facebook.com/refyld/posts/1331155327230177,"C'EST INCROYABLE 🚀 MERCI 🚀

Toutes nos adhésions à vie à prix de lancement ont été écoulées en moins de 48H. Merci infiniment. 😍

Pour celles et ceux qui ont manqué notre lancement, pas de panique, nous avons ajouté une nouvelle adhésion à prix réduit... Mais seulement pour les 50 prochaines personnes... #Gogogo ! 

Avec ce reconfinement, on compte doublement sur votre soutien. Vous êtes notre plus belle vitrine. Merci, merci, merci. 💛",Photo,,,"10/30/2020 04:35:49 AM"," ",1205,1205,0,1397,1397,0,192,145,188,1,2,660,564,0,0,117,0,0,0,0,0,0,0,0,0,0,60,4,4,70,4,5,30,123,1,,32,155,1,,1,1,1,1
447103548968697_1330368393975537,https://www.facebook.com/refyld/posts/1330368393975537,"Ce que disent nos premiers adhérants.es... 🤩 ⁠⠀
⁠⠀
Si vous saviez dans quel état d'excitation nous sommes.. C'est la #FOLIE ! Vous savoir derrière nous, ça nous met la tête dans les étoiles. ✨ ⁠⠀
⁠⠀
Votre soutien est important pour nous faire connaître, surtout suite à ce #reconfinement. ⁠⠀
⁠⠀
Vous êtes notre plus belle vitrine. Alors n'hésitez pas à partager le lien de la campagne Ulule : https://fr.ulule.com/refyld/,  à un.e ami.e, à votre entourage, votre communauté... Merci, merci, merci ! 💛

PS : il ne reste plus que quelques adhésion à prix de lancement 😱 #gogogo",Photo,,,"10/29/2020 07:13:21 AM"," ",348,348,0,406,406,0,14,8,8,0,0,211,179,0,0,11,0,0,0,0,0,0,0,0,0,0,8,3,,9,3,,8,,,,8,,,,,,,
447103548968697_1329272850751758,https://www.facebook.com/refyld/posts/1329272850751758,"🎉 NOTRE NOUVELLE OFFRE EST OFFICIELLEMENT EN PRÉ-VENTE ! 🎉

C'est le grand jour, nous lançon enfin notre nouvelle offre sur Ulule. Cela fait pas moins de 6 mois que l'on attend ce jour. Et ce projet, on en rêve depuis le début de l'aventure. Alors autant vous dire que l’excitation et l'émotion sont au rendez-vous… 🤩

On a imaginé une solution responsable et accessible à tous.tes. Parce que chez Refyld, on veut que la qualité soit accessible à tous.tes.

💛  Et on compte sur votre soutien ! 💛

Nous espérons vraiment que #Refyld vous accompagnera tout au long de l’année à travers vos produits du quotidien. Pour nous permettre de faire de ce projet une réalité, foncez et soutenez-nous sur notre campagne de #crowdfunding ! 

Pour les 50 premières nous vous réservons un tarif préférentiel. Alors n'attendez plus ! 🥳

Rendez-vous ici : https://fr.ulule.com/refyld/ 🎉",Link,,,"10/28/2020 04:05:22 AM"," ",2052,2052,0,2524,2524,0,161,131,158,0,0,598,390,0,0,61,0,0,0,0,0,0,0,0,0,0,34,10,4,48,11,4,,63,79,,,71,87,,,,,
447103548968697_1328176330861410,https://www.facebook.com/refyld/posts/1328176330861410,"Merci pour l'accueil que vous réservé à notre grand projet secret. 🥳⁠
⁠
Pour tout savoir en avant-première et profitez de nos prix réduits 🚀 : inscrivez-vous sur notre site refyld.com avant 12H ! ⁠
⁠
Vous ferez ainsi partie des chanceux.ses à découvrir notre projet ce soir à 20h ! 🤪 (*cet emoji c'est clairement notre #mood du moment : excité... Mais qui ne va pas tarder à craquer ha ha).⁠
⁠
Rendez-vous ce soir sinon demain 12h ! ON A BESOIN DE VOUS POUR FAIRE LA DIFFÉRENCE 💪  #MondeMeilleur #ConsommationResponsable #PourTous⁠
⁠
⁠
⁠📷 par @vicdht.photo⁠
⁠
#refyld #refyldisthenewrecycle #lancement #comingsoon #launch #teasing #marquefrancaise #ulule #solution #campagnedecrowdfunding #consommationresponsable ⁠ #startup #crowdfund #innovation",Photo,,,"10/27/2020 12:19:28 AM"," ",700,700,0,767,767,0,44,30,32,0,0,399,341,0,0,34,0,0,0,0,0,0,0,0,0,0,16,4,,20,6,,13,5,14,,13,5,14,,,,,
447103548968697_1327273944284982,https://www.facebook.com/refyld/posts/1327273944284982,"Et tadaaa. Voici un petit aperçu de nos produits. 😍⁠
⁠
Nos étiquettes sont encore en cour de finalisation avec notre super graphiste Marie Codina, et on compte bien les finaliser avec VOUS. 

Mais la base est là : de la simplicité, du minimalisme, bref juste l'essentiel. 😉⁠
⁠
Et surtout, nous pensons m nos produits pour qu'ils s'intègrent au mieux à tous vos intérieurs. Des couleurs sobres, discrètes pour plaire à un maximum d'entre vous. ⁠
⁠
Vous aimez ? Dites-nous en commentaire!!!!! ⁠
⁠
Sinon rendez-vous MERCREDI 12H pour découvrir notre solution qui fera LA différence pour un avenir plus durable.⁠
⁠
#refyld #refyldisthenewrecycle #lancement #comingsoon 
📷  par Vic Dht",Photo,,,"10/26/2020 01:49:49 AM"," ",466,466,0,542,542,0,27,17,24,0,0,262,221,0,0,23,0,0,0,0,0,0,0,0,0,0,16,4,3,19,5,4,6,12,,,6,18,,,,,,
447103548968697_1326642967681413,https://www.facebook.com/refyld/posts/1326642967681413,"📣 J-3 AVANT LE LANCEMENT DE NOTRE CAMPAGNE SUR @ULULE. 📣⁠
⁠
Depuis un mois, on vous parle de nos produits... Mais en réalité, il n'y a pas que ça. Il y a surtout autre chose. Et c'est ça que l'on vous présentera sur ulule dans 3 petits jours. 😱⁠
⁠
Une solution qui répond à un enjeu plus grand que nous. Une solution solidaire pour rendre, enfin, accessible les produits sains et écologiques. ⁠
⁠
Car la différence elle se fera uniquement lorsque nous pourrons TOUTES et TOUS avoir accès à une consommation responsable. 💡⁠
⁠
Vous nous suivez ? 🤩⁠
Rendez-vous dès maintenant sur notre site refyld.com pour découvrir en avant-première notre lancement 🚀 
⁠
⁠
#refyld #refyldisthenewrecycle #lancement #comingsoon #launch #teasing #marquefrancaise #ulule #solution #campagnedecrowdfunding #consommationresponsable ⁠ #startup #crowdfund #innovation",Photo,,,"10/25/2020 08:38:46 AM"," ",406,406,0,444,444,0,10,5,5,1,1,317,280,0,0,9,0,0,0,0,0,0,0,0,0,0,5,1,,5,1,,2,,3,,2,,3,,,1,,1
447103548968697_1325386237807086,https://www.facebook.com/refyld/posts/1325386237807086,"Le moment de la rencontre se rapproche. J-4👀⁠ 
⁠
Des produits ? Oui, bien évidemment. Mais lesquels ? ⁠
Des idées ? Dites-nous en commentaire. ⁠🤗⁠
⁠
#refyld #refyldisthenewrecycle #lancement #comingsoon #launch #teasing #marquefrancaise #consommationresponsable",Video,,,"10/24/2020 02:16:42 AM"," ",337,337,0,523,523,0,15,12,13,0,0,203,135,0,0,8,66,70,0,0,101,111,0,0,4179,5067,3,1,,3,1,,,3,,10,,3,,10,,,,
447103548968697_1324351157910594,https://www.facebook.com/refyld/posts/1324351157910594,"La grande majorité (80%) des plastiques observés dans les océans viennent des continents, l'autre partie, des activités en mer.⁠ 💦⁠
⁠
Bouteilles, sacs plastiques, fibres textiles, microbilles plastiques de produits cosmétiques, morceaux de polystyrène, filets de pêche… ⁠😰 Ce sont des déchets plastiques issus de notre consommation. ⁠
⁠
Alors pour un monde sans déchets, ni plastique, rendez-vous le 28 octobre 💥⁠
⁠
#refyldisthenewrecycle #comingsoon #lancement",Photo,,,"10/23/2020 02:04:30 AM"," ",352,352,0,404,404,0,8,1,1,0,0,251,216,0,0,6,0,0,0,0,0,0,0,0,0,0,6,2,,6,2,,1,,,,1,,,,,,,
447103548968697_1323698937975816,https://www.facebook.com/refyld/posts/1323698937975816,"À vos agendas ! ⁠
⁠
Rendez-vous le 28 octobre pour le grand lancement de notre campagne Ulule 🚀🥳⁠
⁠
Depuis mi-février nous travaillons pour créer un service dont on rêve depuis le début de l'aventure... Et que le confinement n'a fait qu'accélérer. ⁠
⁠
Nous voulions continuer à partager notre vision mais avec une nouvelle offre, encore plus responsable, plus pratique, plus accessible et surtout... Plus solidaire.⁠
⁠
💡 Car, nous en sommes convaincus : LA différence se fera uniquement lorsque nous pourrons TOUTES et TOUS avoir accès à une consommation responsable. 💡⁠
⁠
👉  Inscrivez-vous sur www.refyld.com pour être tenu.e au courant en avant-première de notre solution secrète : car si vous faites partie des premiers.ères à nous soutenir sur #Ulule, vous pourrez profiter de prix très (très) préférentiels... #onditcaonditrien 🤗",Photo,,,"10/22/2020 08:49:30 AM"," ",479,479,0,540,540,0,16,9,10,0,0,266,227,0,0,10,0,0,0,0,0,0,0,0,0,0,7,5,,8,5,,1,6,3,,1,6,3,,,,,
447103548968697_1322619884750388,https://www.facebook.com/refyld/posts/1322619884750388,"💡 REFYLD x WILLA💡

Nous sommes heureux de vous annoncer que Refyld rejoint le programme d'accompagnement WILLA SCALE de WILLA by Paris Pionnières !

Un programme de 12 mois qui va nous permettre de partir à la conquête de notre marché et de nous accompagner dans le développement de notre supermarché nouvelle génération dont on rêve depuis toujours.

Mais on vous donne déjà rendez-vous le 28 octobre pour notre lancement sur Ulule  ! 🤩",Photo,,,"10/21/2020 09:15:19 AM"," ",324,324,0,351,351,0,6,2,2,0,0,193,179,0,0,5,0,0,0,0,0,0,0,0,0,0,4,2,,4,2,,1,1,,,1,1,,,,,,
447103548968697_1322434048102305,https://www.facebook.com/refyld/posts/1322434048102305,"🔥 BIG NEWS!!!!!⁠ 🔥 
⁠
Dans 7 jours, on vous dévoile enfin TOUT. Des jours et des jours de réflexions pour enfin trouver une solution accessible à tous.tes... Alors pour cela, on vous donne RDV le 28 OCTOBRE sur @Ulule. ⁠
⁠
Si ce projet vous parle et que vous souhaitez nous aider : repartagez ce post à vos ami.es, connaissances et à toutes celles et ceux qui on envie d'accéder à des produits de qualité... Sans se ruiner. 😉 ⁠
⁠
Plus nous serons nombreux.ses, plus nous aurons de poids pour changer les choses collectivement.⁠ 💪⁠
⁠
#refyld #refyldisthenewrecycle #lancement #comingsoon #launch #teasing #marquefrancaise #consommationresponsable",Photo,,,"10/21/2020 03:43:43 AM"," ",340,340,0,392,392,0,12,1,1,1,1,193,168,0,0,12,0,0,0,0,0,0,0,0,0,0,12,3,,13,3,,1,,,,1,,,,,1,,1
447103548968697_1320256958320014,https://www.facebook.com/refyld/posts/1320256958320014,"Solide ou liquide ? Chez Refyld, on a opté pour le liquide mais en version 100% rechargeable ! #finilusageunique⁠
⁠
On a voulu réinventer nos produits du quotidien en version liquide, sains et qui n’ont rien à cacher. 🌿 ⁠⠀⁠
⁠
Des compositions naturelles, courtes et certifiées excellentes sur #Yuka : ⁠
👉 Bio 🌱⁠⠀⁠
👉 Sans parfums de synthèses✖️⁠⠀⁠
👉 Sans additifs✖️⁠⠀⁠
👉 Sans sulfates, ni paraben✖️⁠⠀⁠
👉 Vegan ✨⁠⠀⁠
👉 Et avec une très bonne odeur😉⠀⁠
⁠⠀⁠
On a hâte d'être le 28 octobre pour vous en dire plus !⁠
#cenestpascequevouscroyez⁠
⁠
#refyldisthenewrecycle #staytuned #bonnenouvelle #consommationresponsable #sain #lancement #goodfoodgoodmood #maman #miam #nouveaute #consommerautrement",Photo,,,"10/19/2020 01:19:15 AM"," ",434,434,0,483,483,0,11,2,2,1,1,277,244,0,0,10,0,0,0,0,0,0,0,0,0,0,9,3,,9,3,,,2,,,,2,,,1,,1,
447103548968697_1319636551715388,https://www.facebook.com/refyld/posts/1319636551715388,"🤩 J-10 avant notre lancement. 🤩⁠
⁠
Pour ne pas le manquer, inscrivez-vous sur refyld.com (lien dans la bio). ⁠
⁠
Et comme prévu, on vous partage, non pas un, mais 3 #indices pour deviner ce que l'on va vous proposer dès le mercredi 28 octobre...C'est parti : ⁠
⁠
#1 C’est plus que des produits, c’est un véritable mouvement. ⁠
⁠
#2 On aura besoin de vous pour en parler.⁠
⁠
#3 Ce sera accessible à tout le monde, vraiment tout le monde.⁠
⁠
Alors, des idées ? Dites-nous en commentaires 👀⁠
⁠
#refyld #refyldisthenewrecycle #lancement #comingsoon #launch #teasing #marquefrancaise #consommationresponsable",Video,,,"10/18/2020 09:12:22 AM"," ",258,258,0,352,352,0,12,9,9,1,1,143,118,0,0,9,28,29,0,0,69,72,0,0,3578,6034,4,1,,5,1,,,1,3,5,,1,3,5,1,,1,
447103548968697_1317348628610847,https://www.facebook.com/refyld/posts/1317348628610847,"Transparence. Solidarité ⁠&amp; Made in France.⁠
⁠
Chez Refyld, nous sommes des militant.es écolo de la première heure. 👊⁠
On ne vient pas de l'industrie cosmétique. Ni de la grand distrib. ⁠
On n'a pas attendu 15 ans avant de se rendre compte que quelque chose n'allait pas dans notre consommation. ⁠
On n'a pas cherché à lever des fonds en masse pour proposer une solution. ⁠
On a simplement agi. ⁠
Dans notre quotidien. ⁠
Dans la rue, pour manifester. #climatestrike
Avec nos moyens. ⁠
À 23 ans, entre notre master 1 et master 2 (journalisme pour Debora et entrepreneuriat pour Baptiste), nous avons consacré une année à faire des recherches sur notre (sur)consommation. 🔎📖⁠
Et le sujet de notre mémoire de fin d'études était : &quot;Comment l’entrepreneuriat, et de ce fait les entrepreneurs, jouent un rôle déterminant face aux enjeux sociaux et environnementaux de notre société ?&quot; 💡📝⁠
⁠
En fait, depuis toujours, nous voulons agir aujourd'hui pour demain (c'est d'ailleurs pour ça qu'on a intitulé notre premier #documentaire @aujourdhuipourdemainfilm). 🎥⁠
⁠
On dit souvent que c'est la jeune génération qui doit faire changer les choses. Et c'est vrai ! Nous prenons à coeur notre surnom de &quot;#GénérationClimat&quot;, les fameux 15-25 ans qui se mobilisent pour sauver la planète 🌍.
 ⁠
Alors, en toute logique, quand on a pensé #Refyld, pour nous tout devait se faire en France. Des fournitures aux étapes de confection de nos produits, TOUT est fait sur le territoire français. 🇫🇷⁠
⁠
Et puis, au delà de pouvoir tamponner nos produits #madeinfrance, les #crises actuelles appellent à la solidarité, c'est pourquoi en travaillant localement, avec des acteurs français, nous savons exactement quels écosystèmes nous soutenons et encourageons. 💪⁠
⁠
#refyldisthenewrecycle #comingsoon #lancement #launch #teasing #consommationresponsable #nogreenwashing #climatechange  #sustainability #globalwarming #savetheplanet #actonclimate #climatechangeisreal",Photo,,,"10/16/2020 03:55:31 AM"," ",383,383,0,433,433,0,11,6,7,0,0,229,203,0,0,10,0,0,0,0,0,0,0,0,0,0,5,3,,6,3,,2,5,,,2,5,,,,,,
447103548968697_1316720365340340,https://www.facebook.com/refyld/posts/1316720365340340,"Le choix du verre : pour des contenants réutilisables à #vie ⁠et sans risque pour notre #santé 🙌⁠⠀
⁠⠀
Au delà de sa capacité à mieux se recycler que tout autre matériaux — mais #recyclage ne veut pas dire impact neutre sur l'environnement, hein, on vous explique ça dans un de nos post précédent d'ailleurs🤔.⁠⠀
⁠⠀
Nous avons choisi le #verre car sur le long terme, il ne présente aucun risque de dégradation dans les produits et donc aucun risque de contamination. 🚫 Contrairement au #plastique, dont les produits chimiques qui le composent migrent dans les emballages de notre alimentation et nos produits d'hygiène. 😷⁠⠀
⁠⠀
👉 Pourquoi ? Car lors de la fabrication du plastique, de nombreux plastifiants et additifs chimiques, souvent #cancérigènes, sont utilisés afin de donner certaines caractéristiques au produit : couleur, transparence, souplesse ou rigidité, imperméabilité, etc. ⁠⠀
⁠⠀
La majorité d’entre eux ne sont pas fixés solidement entre eux, alors ils se dégradent et contaminent facilement les produits qu'ils emballent : alimentation, produits d'hygiène et de soin... Et donc notre santé et l'environnement. ⁠⠀
⁠⠀
Bien que la toxicité de ces additifs ait été prouvé, les industriels ne sont pas tenus de rendre publique la liste de ces additifs. Parmi les plus connus ayant ces réjouissantes propriétés, on peut citer les phtalates ou le Bisphenol A. 😤⁠⠀
⁠⠀
Alors, nous on a préféré opter pour la solution la moins polluante, aka le verre, &amp; la plus saine pour notre santé et celle la #planète. ⁠⠀
⁠⠀
Si vous êtes de notre avis 👉 RENDEZ-VOUS LE 28 OCTOBRE.",Photo,,,"10/15/2020 11:07:47 AM"," ",439,439,0,480,480,0,14,9,9,0,0,302,268,0,0,11,0,0,0,0,0,0,0,0,0,0,8,2,,8,2,,3,6,,,3,6,,,,,,
447103548968697_1315407248804985,https://www.facebook.com/refyld/posts/1315407248804985,"« Simple », « Essentiel »,« Accessible »... Ce sont les éléments que l'on a partagé à @mariecodina pour pouvoir imaginer notre nouvelle image de marque. 😊 ⁠⠀⁠
⁠
On voulait quelque chose de très minimaliste, non genré  avec un côté « retour à l'essentiel » qui pourrait s'adapter facilement à chacun.e d'entre vous. 🌱⁠⠀⁠
⁠
Un nom qui aspire à la rechargeabilité, (fylde = remplir en danois) et qui respire la simplicité, parce que c’est aussi ce que nous voulons faire avec nos produits ! 💥⁠⠀⁠
⁠⠀⁠
Et vous, ça vous plaît ce nouveau nom et cette nouvelle identité ? 🤔⁠⠀⁠
⁠
PS : rendez-vous sur notre site refyld.com pour inscrire votre adresse mail afin de ne pas louper notre lancement. 🤩⁠
⁠⠀⁠
#refyld #refyldisthenewrecycle #marquefrancaise #france #produitsain #toujoursplusdurable #comingsoon #lancement #launch #staytuned",Photo,,,"10/14/2020 03:19:25 AM"," ",413,413,0,447,447,0,20,12,16,1,1,275,249,0,0,15,0,0,0,0,0,0,0,0,0,0,10,3,2,10,3,2,2,8,3,,2,11,3,,1,,1,
447103548968697_1314586238887086,https://www.facebook.com/refyld/posts/1314586238887086,"Ça fait 3 ans qu’on s'est lancé dans le zéro déchet et pendant tout ce temps, on a essayé pleiiiin de produits (salle de bain, cuisine, ménage...👀🔍💦), mais on a jamais trouvé ceux qui nous correspondaient parfaitement : entre le prix, souvent trop élevé, le confort d'utilisation, le design, le manque d'efficacité... 🙄⁠
⁠
Et puis surtout, depuis plusieurs mois, on s'est aperçu que nous n'étions pas seuls à penser ça, vous êtes nombreux.ses à nous partager des avis similaires. 🙌 ⁠
⁠
La bonne nouvelle c'est qu'on lance (très) bientôt notre propre solution pour des produits sans compromis. 🎊 #rendezvousle28octobre⁠⠀⁠
⁠
PS : sur cette photo se cache un de nos produits favoris. ⁠
Une idée de ce dont il peut bien s’agir ? Qu’est-ce que vous aimeriez y retrouver ? ⁠⠀⁠
⁠⠀⁠
On est curieux de connaître vos idées 🤗⁠⠀⁠
⁠
⁠⠀⁠
#staytuned #bonnenouvelle #produitnaturel #produitsain #lancement #refyldisthenewrecycle #toujoursplusdurable #consommerautrement⁠ #nomoreplastic",Photo,,,"10/13/2020 04:20:57 AM"," ",456,456,0,509,509,0,25,18,20,1,1,326,291,0,0,16,0,0,0,0,0,0,0,0,0,0,10,3,2,10,3,2,5,14,,,6,14,,,1,,1,
447103548968697_1314086015603775,https://www.facebook.com/refyld/posts/1314086015603775,"Lundi 20h00, l’heure du JT ! 🔔 ⁠
⁠
C’est le moment que l’on a choisi (et quel moment 😄) pour vous parler de ce que l’on voulait faire sur ce compte : aka réinventer notre consommation.⁠
⁠
Nous sommes partis d’un simple questionnement : pourquoi devons-nous si souvent choisir entre la qualité d'un produit, ses valeurs et son prix ? ⁠
⁠
&quot;Si un produit est bon, il est trop cher, si il n'est pas assez cher, il n'est pas bon, si un produit est bon &amp; pas cher, alors il est fabriqué (très) loin...&quot; 🤨⁠
⁠
On s'est alors donné une #mission : ne plus jamais faire de compromis. Parce que opter pour des produits naturels, c’est essentiel pour sa santé et celle de la planète. Parce qu’on ne devrait pas choisir entre la qualité et le prix. Parce que ce sont des produits dont on ne peut pas se passer. Parce que des produits sains et naturels sont indispensables à notre bonheur général. 🌈⁠
⁠
On vous partagera ici un peu plus nos #valeurs, ce qui nous anime depuis plus de 3 ans (avec la réalisation de notre #documentaire 🎥,), nos #inspirations et la #mission qu’on s’est donné : mais surtout pour récolter vos #témoignages, vos envies et vos besoins pour vos produits du quotidien. ⁠
⁠
Alors n’hésitez pas : likez, commentez, écrivez-nous, on répond à tout le monde ! 💌⁠
⁠
C’est le moment d'adopter des bons réflexes pour #demain, faisons des produits sains et naturels les stars de nos intérieurs ! 🌱⁠
⁠
Prêt.es pour la Re(fyld)volution ? 😉⁠
Rendez-vous le 28 octobre. ⁠
⁠
#staytuned #bonnenouvelle #produitnaturel #nomoreplastic #toujoursplusdurable #lancement #refyldisthenewrecycle #consommerautrement",Photo,,,"10/12/2020 11:52:05 AM"," ",450,450,0,490,490,0,23,13,14,2,2,356,324,0,0,19,0,0,0,0,0,0,0,0,0,0,12,3,,13,3,,3,10,,,3,11,,,1,1,1,1
447103548968697_1313649832314060,https://www.facebook.com/refyld/posts/1313649832314060,"Un avenir sain n’inclut pas le plastique. Vos produits essentiels non plus. ⁠ ⁠
⁠
Inscrivez-vous sur refyld.com pour recevoir des informations sur le lancement mais aussi pour participer à notre lutte contre la #pollutionplastique.
⁠
🔜⁠ Rendez-vous le mercredi 28 octobre.",Photo,,,"10/12/2020 01:41:54 AM"," ",292,292,0,325,325,0,7,3,3,1,1,254,226,0,0,7,0,0,0,0,0,0,0,0,0,0,6,,,6,,,,1,2,,,1,2,,1,,1,
447103548968697_1311131805899196,https://www.facebook.com/refyld/posts/1311131805899196,"Seulement 25% des emballages plastique sont vraiment recyclés en France. ⁠
⁠
Longtemps le geste de tri a été la première école du #développementdurable. Ce geste a permis à nombre d'entre nous de questionner sa façon de #consommer. Mais aujourd'hui, face à la quantité de #déchets que nous générons, le #recyclage ne nous permet pas de régler la pollution engendrée par la montagne de déchets que nous produisons. ⁠
⁠
Au contraire, il nous détourne de la vraie solution. ⁠
⁠
Et parmi tous les emballages, le #plastique est le plus complexe à valoriser.⁠
⁠
De quoi poser la VRAIE question : comment en finir avec le plastique ?⁠
⁠
👉 RÉPONSE LE 28 OCTOBRE !",Photo,,,"10/09/2020 04:14:16 AM"," ",343,343,0,393,393,0,12,2,2,1,1,285,252,0,0,12,0,0,0,0,0,0,0,0,0,0,11,1,,11,1,,1,1,,,1,1,,,1,,1,
447103548968697_1310265562652487,https://www.facebook.com/refyld/posts/1310265562652487,"Depuis le début de l’aventure, vous avez été très nombreux.ses à passer par notre site helloneo.fr pour adopter un mode de vie plus responsable. ⁠⠀
⁠⠀
Voir un tel engouement depuis moins d'un an nous pousse à faire toujours mieux et à nous engager encore plus pour vous et pour la planète.⁠⠀
⁠⠀
Aujourd’hui, nous sommes prêts à écrire une autre page de cette histoire à vos côtés. Une page encore plus engagée avec plus d'impact, pour construire un meilleur futur. ✊⁠⠀
⁠⠀
Nous travaillons depuis plusieurs mois sur une nouvelle offre de produits du quotidien sans compromis et il est désormais grand temps de la partager avec vous.⁠⠀
⁠⠀
Nous espérons de tout coeur que vous lui ferez un accueil aussi chaleureux qu’au premier.⁠⠀
⁠⠀
Prêt.e pour transformer votre consommation ? 🛒💳⁠⠀
👉 👉 RENDEZ-VOUS LE 28 OCTOBRE. ⁠⠀
⁠⠀
#entreprendrepourchangerlemonde #refyld #comingsoon #launch #sustainablebrand  #cleantoplanet #organicproduct #gogreen #entrepreneuriat #reminder #brand #entreprendre #startup #lancement",Video,,,"10/08/2020 03:21:03 AM"," ",6543,2385,4157,7633,3064,4569,461,434,502,4,4,623,414,0,0,103,105,109,8,8,1006,1153,658,667,6070,56214,59,17,4,76,17,8,,242,3,196,,292,3,207,2,2,2,2
447103548968697_1309490152730028,https://www.facebook.com/refyld/posts/1309490152730028,"Dans 21 jours on lance notre toute nouvelle offre. 🔔 ⁠
⁠
Avec Refyld nous voulons initier un véritable mouvement. Et plus nous serons nombreux.ses, plus nous pourrons entamer une grande transformation collective. ⁠
⁠
Car nous en sommes convaincus : le potentiel de solidarité en chacun.e de nous est infini.⁠
⁠
Alors n’hésitez pas à nous laissez vos adresses emails en cliquant sur le lien dans la bio, comme ça on pourra facilement vous informer du lancement et avancer tou.te.s ensemble. ⁠
⁠
On a hâte de vous en dire plus 🤩🌱⁠
⁠
#refyld #comingsoon #entrepreneuriat #reminder #launch #brand #entreprendre #startup #lancement",Photo,,,"10/07/2020 03:11:34 AM"," ",449,449,0,542,542,0,18,6,10,0,0,362,294,0,0,16,0,0,0,0,0,0,0,0,0,0,14,2,,18,3,,3,5,,,3,7,,,,,,
447103548968697_1308723119473398,https://www.facebook.com/refyld/posts/1308723119473398,"On organise un chouette concours en partenariat avec le très beau et bon Home magazine 😊
RDV sous ce post pour en savoir plus !",Photo,,,"10/06/2020 04:40:22 AM"," ",206,206,0,231,231,0,12,10,13,0,0,159,140,0,0,10,0,0,0,0,0,0,0,0,0,0,4,,2,4,1,2,1,8,1,,1,11,1,,,,,
447103548968697_1307645912914452,https://www.facebook.com/refyld/posts/1307645912914452,"Depuis des années, nous militons et entreprenons pour tenter de construire de nouveaux récits. ⁠⠀
Refyld est l’aboutissement d’un long travail sur la piste d’une consommation meilleure pour soi et pour la planète, où la question du choix entre qualités, valeurs et prix juste, ne se pose plus.⁠⠀
⁠⠀
🔜⁠ Rendez-vous le mercredi 28 octobre, pour tout savoir.⁠⠀
⁠⠀
#refyld #cestquedubonheur #meganouveaute #comingsoon ⁠⠀
Photo by @ryanlowry",Photo,,,"10/05/2020 02:11:20 AM"," ",13802,402,13363,18592,455,18137,204,191,209,1,1,322,268,18,15,15,0,0,0,0,0,0,0,0,0,0,13,3,,14,3,,40,158,,,42,167,,,1,,1,
447103548968697_1304995783179465,https://www.facebook.com/refyld/posts/1304995783179465,"Tout a commencé il y a plus de 3 ans, nous partons rencontrer celles et ceux qui font le changement et questionner notre (sur)consommation pour réaliser Aujourd'hui pour Demain - Le film
⁠
Nous interrogeons notre rapport à l’alimentation, à la mode, aux objets qui nous entourent... En fait, nous tirons le fil qui, depuis quelques années, ne nous a jamais quittés : par où commencer ?⁠
⁠
La suite vous la connaissez. ⁠
⁠
On lance Hello Néo il y a un an &amp; aujourd'hui on passe une nouvelle étape en vous présentant Refyld.⁠
⁠
🔜⁠ Rendez-vous le mercredi 28 octobre, pour tout savoir.⁠
⁠
#refyld #cestquedubonheur #meganouveaute #comingsoon",Photo,,,"10/02/2020 02:04:41 AM"," ",831,831,0,940,940,0,90,49,56,3,3,532,470,0,0,75,0,0,0,0,0,0,0,0,0,0,52,6,1,60,7,1,16,36,,,16,40,,,1,2,1,2
447103548968697_1303581329987577,https://www.facebook.com/refyld/posts/1303581329987577,"Il est temps de vous annoncer une 📣GRANDE NOUVELLE📣
- 𝘙𝘰𝘶𝘭𝘦𝘮𝘦𝘯𝘵 𝘥𝘦 𝘵𝘢𝘮𝘣𝘰𝘶𝘳𝘴, 3, 2, 1…
⁠
Hello Néo change de nom et devient 𝗥𝗘𝗙𝗬𝗟𝗗.⁠

Depuis hier soir, vous avez été nombreux.ses à trouver notre nouveau nom. 👏
⁠
Pour être transparents avec vous, en 4 ans d'entrepreneuriat - 3 ans à réaliser un documentaire sur nos modes de consommation et 1 an avec Hello Néo on a compris une chose et pas des moindres : ce qu’on aime faire et ce qu’on sait faire, c’est 𝗱𝗲́𝗺𝗼𝗰𝗿𝗮𝘁𝗶𝘀𝗲𝗿 𝗹𝗮 𝗰𝗼𝗻𝘀𝗼𝗺𝗺𝗮𝘁𝗶𝗼𝗻 𝗿𝗲𝘀𝗽𝗼𝗻𝘀𝗮𝗯𝗹𝗲 pour la rendre accessible à tous.tes. 

Mais il n’empêche que, malgré tous nos efforts, certains freins persistent et tout le monde ne peut pas encore bénéficier de produits bons pour soi comme pour la planète au quotidien. ⁠
⁠
Alors, 𝗻𝗼𝘂𝘀 𝗮𝘃𝗼𝗻𝘀 𝗱𝗲́𝗰𝗶𝗱𝗲́ 𝗱'𝗮𝗹𝗹𝗲𝗿 𝗲𝗻𝗰𝗼𝗿𝗲 𝗽𝗹𝘂𝘀 𝗹𝗼𝗶𝗻 pour initier des changements rapides et profonds pour un meilleur futur.
Et on vous dévoile tout ça MERCREDI 28 OCTOBRE. 

⁠Vous nous suivez ? 💛
⁠
Sincèrement, ⁠
La team 𝗥𝗘𝗙𝗬𝗟𝗗",Photo,,,"09/30/2020 09:00:35 AM"," ",1194,1194,0,1409,1409,0,117,81,89,1,1,617,489,0,0,73,0,0,0,0,0,0,0,0,0,0,53,9,3,60,9,4,8,73,,,8,81,,,1,,1,
447103548968697_1301710153508028,https://www.facebook.com/refyld/posts/1301710153508028,"Bientôt... On prend le meilleur de notre dernière année avec Hello Néo et on vous présente, enfin, notre grande #nouveauté qui répond à un enjeu plus grand que nous &amp; qui s'adresse à tous.tes. 
👉 En attendant, ce mercredi on vous dévoile notre nouveau nom. 🥳
#J30 #comingsoon #meganouveauté #biggerthanus",Photo,,,"09/28/2020 07:33:04 AM"," ",328,328,0,363,363,0,8,4,4,1,1,258,226,0,0,7,0,0,0,0,0,0,0,0,0,0,6,1,,6,1,,2,2,,,2,2,,,1,,1,
447103548968697_1299980580347652,https://www.facebook.com/refyld/posts/1299980580347652,"👉 NOTRE SITE EST DE RETOUR

Si vous ne le savez pas encore, notre site est de retour après quelques jours de maintenance. 

Pour nous excuser de ce désagrément on vous offre -15% sur votre prochaine commande avec le code : ZERODECHET. 
Et c'est valable jusqu'à ce soir minuit. 🙃",Photo,,,"09/26/2020 09:27:44 AM"," ",383,383,0,437,437,0,12,5,6,1,1,325,280,0,0,9,0,0,0,0,0,0,0,0,0,0,6,2,,6,2,,3,3,,,3,3,,,1,,1,
447103548968697_1298746343804409,https://www.facebook.com/refyld/posts/1298746343804409,"ACCROCHEZ VOUS ! 🥳 
 
On change de NOM. Oui de nom. 

Mais pas de vision. Si le nom change, notre vision, elle, reste intacte. 

On vous le dévoile mercredi prochain, mais en attendant vous pouvez tenter de le deviner... Notre nouveau nom se compose de 6 lettres et on vous donne la première. À vous de jouer :  
👉 R _ _ _ _ _  🥳",Photo,,,"09/25/2020 01:29:56 AM"," ",753,753,0,925,925,0,87,71,98,1,1,586,463,0,0,71,0,0,0,0,0,0,0,0,0,0,22,5,5,25,5,10,9,68,,,9,89,,,1,,1,
447103548968697_1294212984257745,https://www.facebook.com/refyld/posts/1294212984257745,"Petit message technique — Notre site a subi une mauvaise manipulation ces derniers jours. 🔧⁠
⁠
On est sur le coup et on répare rapidement le souci. 💪⁠
⁠
Merci encore à toutes celles et ceux qui nous ont écrit avec bienveillance. 💛 ⁠
Quand on est une toute jeune entreprise et que parfois, certaines choses ont décidé de ne pas fonctionner - lire vos messages de soutien nous touche énormément et surtout, nous donne la patate pour continuer à vous proposer des choses encore mieux. #lesmeilleurscestvous #merci⁠
⁠
D'ailleurs, notre grande nouveauté arrive très prochainement... Fin septembre. #onahate 🥳🤩⁠
⁠
#helloneo #slowlife #slowsunday #smallbusiness #comingsoon #gogreen #sunday #weekend  #sustainability #green #sustainableliving⁠
photo #pinterest",Photo,,,"09/20/2020 02:03:29 AM"," ",414,414,0,469,469,0,13,11,13,2,2,346,303,0,0,10,0,0,0,0,0,0,0,0,0,0,4,2,1,4,2,1,2,9,,,2,11,,,2,,2,
447103548968697_1290627164616327,https://www.facebook.com/refyld/posts/1290627164616327,"🎥 BANDE ANNONCE Aujourd'hui pour Demain - Le film 🎥 ⁠
⁠
Un film documentaire sur les actions positives d’une génération qui s’engage aujourd’hui pour demain. ⁠
⁠
🌱 Nous sommes tous dans le même bateau et nous devons faire avancer les choses dans le bon sens.⁠
⁠
Alors plus vous serez nombreux à regarder les intervenants que nous avons choisi de vous présenter, plus le documentaire sera un levier important pour décider chacun d'entre nous à s'impliquer dans la transition écologique — et si notre #documentaire peut contribuer à changer un petit peu les choses, on peut le dire : on ne sera pas peu fiers :) 

Alors #PARTAGEZ !",Link,,,"09/16/2020 02:05:02 AM"," ",531,531,0,658,658,0,60,35,59,1,1,245,175,0,0,38,0,0,0,0,0,0,0,0,0,0,34,13,4,47,14,5,,13,29,,,26,33,,1,,1,
447103548968697_1288942504784793,https://www.facebook.com/refyld/posts/1288942504784793,"Le couteau suisse de votre trousse de toilette, c'est lui.⁠
⁠
Ce baume multi-usages est capable de résumer TOUTE votre routine beauté à lui seul : soin du visage, corps, pointes de cheveux, démaquillant yeux, mains, lèvres, barbe… Il sera votre allié en toute occasion. ⁠
⁠
Formulé avec 7 ingrédients naturels seulement, il convient à tout le monde et à tous les types de peau. Vous ne pourrez plus vous passer de ses nombreuses vertus.⁠
⁠
— Baume nature ou coco, dispo sur notre boutique 🔗",Photo,,,"09/14/2020 01:18:25 AM"," ",424,424,0,484,484,0,19,12,12,2,2,417,366,0,0,19,0,0,0,0,0,0,0,0,0,0,7,,,7,,,3,9,,,3,9,,,2,,2,
447103548968697_1286286605050383,https://www.facebook.com/refyld/posts/1286286605050383,"C'est le moment pour profiter des dernières pépites #zérodéchet de l'été ! ✨ ⁠
⁠
Nous vous offrons 30% de réduction sur votre prochaine commande, avec le code HELLO30. ⁠
⁠
— Valable jusqu'à dimanche minuit sur helloneo.fr🔗",Photo,,,"09/11/2020 12:34:45 AM"," ",553,553,0,620,620,0,21,10,15,2,2,248,220,0,0,14,0,0,0,0,0,0,0,0,0,0,11,7,,11,7,,5,6,,,5,10,,,2,,2,
447103548968697_1283025105376533,https://www.facebook.com/refyld/posts/1283025105376533,"Vous en êtes où côté lessive ? ⁠
 Nous on a opté pour une routine lessive #clean :⠀⠀⠀⠀⠀⠀⠀⠀⠀⁠
✓ sans plastique ⠀⠀⠀⠀⠀⠀⠀⠀⠀⁠
✓ sans produit chimique ⠀⠀⠀⠀⠀⠀⠀⠀⠀⁠
✓ et surtout, sans prise de tête. ⠀⠀⠀⠀⠀⠀⁠
⠀⠀⠀⠀⠀⠀⠀⠀⠀⁠
— Lessive liquide ou en poudre, dispo sur helloneo.fr",Photo,,,"09/07/2020 06:38:38 AM"," ",279,279,0,297,297,0,7,3,5,2,2,245,227,0,0,7,0,0,0,0,0,0,0,0,0,0,4,,,4,,,2,2,,,2,3,,,2,,2,
447103548968697_1281096888902688,https://www.facebook.com/refyld/posts/1281096888902688,"Tout est dit sur l'image. On a rien à rajouter. 😉⁠
— Rendez-vous sur helloneo.fr jusqu’à demain soir🔗 lien dans la bio.⁠
⁠
#zerowaste #zerodechet #zerowastelife  #ecofriendly #plasticfree #sustainable #sustainableliving #zerowastehome #livraisonofferte #backtoschool",Photo,,,"09/05/2020 02:04:09 AM"," ",224,224,0,243,243,0,6,4,5,0,0,200,183,0,0,5,0,0,0,0,0,0,0,0,0,0,2,,,2,,,2,3,,,2,3,,,,,,
447103548968697_1270913683254342,https://www.facebook.com/refyld/posts/1270913683254342,"☼ FOOD ☼

Pour renouer avec une alimentation durable, Aurore Vigouroux, notre nouvelle rédactrice, vous partage quelques réflexes simples à adopter. 👇",Link,,,"09/02/2020 02:19:25 AM"," ",180,180,0,188,188,0,6,3,3,1,1,150,142,0,0,6,0,0,0,0,0,0,0,0,0,0,4,,,4,,,,1,2,,,1,2,,1,,1,
447103548968697_1251589505186760,https://www.facebook.com/refyld/posts/1251589505186760,"☼ NOUVELLE ÉTAPE ☼  

Que les choses sérieuses commencent :⁠ on vous dévoile bientôt notre grande nouveauté. #comingsoon⁠ 
Pour connaître la date de lancement, inscrivez ici : 👇",,,,"09/01/2020 01:00:53 AM"," ",157,157,0,166,166,0,3,3,3,1,1,133,124,0,0,3,0,0,0,0,0,0,0,0,0,0,1,,,1,,,,,3,,,,3,,1,,1,
447103548968697_1251545248524519,https://www.facebook.com/refyld/posts/1251545248524519,"☼ NOUVELLE ÉTAPE ☼  

Tout a commencé il y a 3 ans, nous partons réaliser un documentaire (@aujourdhuipourdemainfilm) pour comprendre notre (sur)consommation et rencontrer celles et ceux qui font le changement. Nous interrogeons notre rapport à l’alimentation, à la mode, aux objets qui nous entourent... En fait, nous tirons le fil qui, depuis quelques années, ne nous a jamais quittés : par où commencer ?⁠ 🤔⁠
⁠
Depuis des années, nous militons pour un monde meilleur, mais jamais nous n’avions rassemblé nos sujets de prédilection dans un seul et même endroit. Notre grande #nouveauté est l’aboutissement d’un long travail sur la piste d’une consommation meilleure pour soi et la planète, où la question du choix entre qualités, valeurs et prix juste, ne se pose plus.⁠
⁠
On a hâte de vous partager notre nouvelle grande étape. 🎉⁠
⁠
#comingsoon #newproject #nouvelleetape #startup #engagement #letsgoo",Photo,,,"08/30/2020 01:00:45 AM"," ",343,343,0,378,378,0,21,9,11,1,1,282,256,0,0,16,0,0,0,0,0,0,0,0,0,0,15,2,,18,2,,1,8,,,1,10,,,1,,1,
447103548968697_1270897773255933,https://www.facebook.com/refyld/posts/1270897773255933,"☼ CHRONIQUE ☼

L’écologie est une démarche globale qui peut parfois intimider voire en décourager certain.es. Et si on y allait pas à pas ? Voici quelques pistes de réflexions pour ceux qui ne savent pas par où commencer. 👇",Link,,,"08/28/2020 03:00:02 AM"," ",218,218,0,236,236,0,12,7,8,1,1,202,186,0,0,10,0,0,0,0,0,0,0,0,0,0,7,2,,7,2,,,1,6,,,2,6,,1,,1,
447103548968697_1270896843256026,https://www.facebook.com/refyld/posts/1270896843256026,"☼ CHRONIQUE ☼

Vous entendez un peu partout que votre emballage est biodégradable ou compostable ! Vous vous dites que c’est chouette car vous achetez du plastique qui n’aura aucun impact sur l’environnement ? Détrompez-vous, on fait le point. 👇",Link,,,"08/25/2020 02:00:13 AM"," ",208,208,0,221,221,0,12,8,8,1,1,167,158,0,0,10,0,0,0,0,0,0,0,0,0,0,6,3,,6,3,,,,8,,,,8,,1,,1,
447103548968697_1251541271858250,https://www.facebook.com/refyld/posts/1251541271858250,"☼ FAIRE AUTREMENT ☼  

Aujourd'hui, prenons les choses sous un autre angle, parce qu'il est largement le temps de s’y mettre ! ⁣⁠
⁠
Lâchez les enseignes industrielles comme Starbucks and co'. Prenez un mug réutilisable, un sac filet et une gourde et commencez à faire le tri de toutes les enseignes où vous avez l'habitudes de consommer. Faites des choix, triez, changez, et surtout projetez-vous dans une semaine, un mois, dix ans.⁠
⁠⁣⁠
Peu importe si vous y arrivez en un jour ou en plusieurs mois, le principal est de le faire. ⁠
⁠
Chez Hello Néo c’est comme ça que l’on commence, on fait le tri et on agit ! 🤛⁣

Mug réutilisable dispo ici : https://bit.ly/3k0rSCi⁠
⁣",Photo,,,"08/24/2020 08:00:48 AM"," ",352,352,0,385,385,0,15,7,8,1,1,220,197,0,0,9,0,0,0,0,0,0,0,0,0,0,7,4,1,7,4,1,3,2,2,,3,3,2,,1,,1,
447103548968697_1251538448525199,https://www.facebook.com/refyld/posts/1251538448525199,"☼ NOUVELLE ÉTAPE ☼  

Ça avance, ça avance…🤓 ⁠
⁠
Finaliser un nouveau projet en plein mois d’août est normalement une très mauvaise idée, MAIS, c'est sans compter sur des partenaires incroyablement efficaces ! ⁠
⁠
Il est bientôt l'heure de vous dévoiler notre grande nouveauté. 🙌 🚀⁠ On compte les jours avant de pouvoir tout vous partager⁠.⁠
⁠
En attendant, rendez-vous ici : https://bit.ly/3k5lcms pour être informé en avant-première de ce projet incroyable (oui, oui on y croît) et connaître la date de lancement.",Photo,,,"08/23/2020 02:00:47 AM"," ",126,126,0,133,133,0,6,5,7,1,1,92,86,0,0,5,0,0,0,0,0,0,0,0,0,0,4,2,,4,2,,,1,5,,,2,5,,1,,1,
447103548968697_1251528585192852,https://www.facebook.com/refyld/posts/1251528585192852,"☼ ETE2020⁠ ☼  

Ce code vous permet de bénéficier de -15% sur votre prochaine commande. Il est valable jusqu'à mercredi prochain, aka le 26 août. ⁠
⁠
Une façon de commencer tout doucement de nouvelles habitudes #zérodéchet, les pieds dans le sable #oupas et de se projeter tranquillement sur les 6 prochains mois.  🤗⁠
⁠
— Rendez-vous sur WWW.HELLONEO.FR pour l'utiliser.",Photo,,,"08/21/2020 01:00:05 AM"," ",198,198,0,230,230,0,6,2,2,1,1,184,154,0,0,6,0,0,0,0,0,0,0,0,0,0,5,1,,6,1,,,2,,,,2,,,1,,1,
447103548968697_1251527381859639,https://www.facebook.com/refyld/posts/1251527381859639,"☼ MENSTRUATIONS ZÉRO DÉCHET ☼  

Parmi nos meilleurs conseils pour réduire les déchets, on cite souvent l'utilisation de la coupe menstruelle : sans latex, sans phtalates, sans BPA (bisphénol A), ni agents blanchissants, sans parfum... Elle est sans danger pour la santé, douce et facile à nettoyer ! ⁠
⁠
— 3 modèles différents sont dispo sur l'eshop : https://bit.ly/2DzmPI8",Photo,,,"08/18/2020 10:00:34 AM"," ",224,224,0,246,246,0,7,3,3,1,1,172,157,0,0,5,0,0,0,0,0,0,0,0,0,0,3,1,,3,1,,1,1,1,,1,1,1,,1,,1,
447103548968697_1251525311859846,https://www.facebook.com/refyld/posts/1251525311859846,"☼ BIEN-ÊTRE ☼  

La pierre ponce, l'incontournable de nos salles de bains... Et de l'été, pour des pieds en bonne santé ! ☀️⁠

Dispo ici 👉 https://bit.ly/2Pl4ktK",Photo,,,"08/16/2020 12:00:42 AM"," ",204,204,0,224,224,0,4,2,2,2,2,205,186,0,0,4,0,0,0,0,0,0,0,0,0,0,2,,,2,,,2,,,,2,,,,2,,2,
